id,time,silverdefect,blackdefect,blackspot,teethdefect
cam1_0013190123054414102.tif,0.6411921977996826,(),False,True,False
cam1_0013190123055514204.tif,0.6362752914428711,(),False,True,True
cam1_0013190202130112203.tif,0.6431550979614258,(),True,True,False
cam1_0013190202130508103.tif,0.6535732746124268,(),True,True,False
cam1_0013190202130804304.tif,0.6840546131134033,(),True,True,False
cam1_0013190202130814104.tif,0.6394689083099365,(),False,True,False
cam1_0013190202141536202.tif,0.6345324516296387,(),True,True,False
cam1_0013190202141636202.tif,0.6299858093261719,(),False,True,False
cam1_0013190202142042202.tif,0.6344385147094727,(),True,True,False
cam1_0013190202144714104.tif,0.6263272762298584,(),False,True,False
cam1_0013190202160428203.tif,0.6948626041412354,(),False,True,False
cam1_0013190202173344103.tif,0.6400065422058105,(),False,True,False
cam1_0013190202185454304.tif,0.6941790580749512,(),False,False,False
cam1_0013190202225020101.tif,0.6885049343109131,(),False,True,False
cam1_0013190203001106103.tif,0.6928098201751709,(),False,True,False
cam1_0013190203042922204.tif,0.6818253993988037,(),False,False,False
cam1_0013190203051644201.tif,0.6665465831756592,(),False,True,False
cam1_0013190203061422203.tif,0.6609072685241699,(),False,True,False
cam1_0013190203062606204.tif,0.6736986637115479,(),False,False,False
cam1_0013190203063100104.tif,0.6638634204864502,(),False,True,False
cam1_0013190203070658101.tif,0.66725754737854,(),True,True,False
cam1_0013190203071546201.tif,0.670271635055542,(),True,True,False
cam1_0013190203075302203.tif,0.6768982410430908,(),False,True,False
cam1_0013190203112552303.tif,0.673933744430542,(),False,True,False
cam1_0013190203131336204.tif,0.6607322692871094,(),False,True,False
cam1_0013190203140540104.tif,0.6848945617675781,(),False,True,False
cam1_0013190203141916101.tif,0.6675212383270264,(),False,True,False
cam1_0013190203170032203.tif,0.6894271373748779,(),False,True,False
cam1_0013190203175832204.tif,0.7194178104400635,(),True,False,False
cam1_0013190203202128101.tif,0.6951823234558105,(),False,True,False
cam1_0013190203204738204.tif,0.678675651550293,(),False,False,False
cam1_0013190203221614201.tif,0.657088041305542,(),False,True,False
cam1_0013190203235614201.tif,0.6725015640258789,(),False,True,False
cam1_0013190203235644201.tif,0.7374870777130127,(),False,True,False
cam1_0013190204000520104.tif,0.7161655426025391,(),False,True,False
cam1_0013190204005444204.tif,0.7439820766448975,(),False,True,False
cam1_0013190204012642301.tif,0.7524080276489258,(),False,True,False
cam1_0013190204021140201.tif,0.7076215744018555,(),False,False,False
cam1_0013190204025546104.tif,0.6875112056732178,(),False,True,False
cam1_0013190204033126301.tif,0.6795287132263184,(),False,False,False
cam1_0013190204033600301.tif,0.6880311965942383,(),False,True,False
cam1_0013190204043112203.tif,0.7239406108856201,(),False,True,False
cam1_0013190204045200203.tif,0.7206130027770996,(),False,False,False
cam1_0013190204052158204.tif,0.6788172721862793,(),False,True,False
cam1_0013190204055350104.tif,0.6836731433868408,(),False,True,False
cam1_0013190204062444304.tif,0.7258396148681641,(),False,False,False
cam1_0013190204074826303.tif,0.7079360485076904,(),True,True,False
cam1_0013190204082618202.tif,0.6674041748046875,(),True,True,False
cam1_0013190204084048102.tif,0.6885926723480225,(),True,True,False
cam1_0013190204084300202.tif,0.7003769874572754,(),True,True,False
cam1_0013190204084542302.tif,0.6746702194213867,(),False,True,False
cam1_0013190204085016302.tif,0.6718611717224121,(),True,True,False
cam1_0013190204090548202.tif,0.6657748222351074,(),True,True,False
cam1_0013190204091318201.tif,0.6645331382751465,(),False,True,False
cam1_0013190204095746202.tif,0.6844799518585205,(),True,True,False
cam1_0013190204100516104.tif,0.7193326950073242,(),True,False,False
cam1_0013190204110200303.tif,0.6926610469818115,(),True,True,False
cam1_0013190204113318203.tif,0.6682999134063721,(),True,True,False
cam1_0013190204121716103.tif,0.698624849319458,(),True,True,False
cam1_0013190204121738303.tif,0.7058770656585693,(),True,True,False
cam1_0013190204125738302.tif,0.6881320476531982,(),False,True,False
cam1_0013190204130348304.tif,0.704838752746582,(),False,True,False
cam1_0013190204130418304.tif,0.6830217838287354,(),False,True,False
cam1_0013190204142910202.tif,0.6863923072814941,(),False,True,False
cam1_0013190204152058203.tif,0.689659833908081,(),False,True,False
cam1_0013190204154338103.tif,0.6705451011657715,(),False,True,False
cam1_0013190204155508302.tif,0.6752221584320068,(),False,True,False
cam1_0013190204184218103.tif,0.6684174537658691,(),True,True,False
cam1_0013190204190400101.tif,0.6879451274871826,(),True,True,False
cam1_0013190204201822204.tif,0.6791517734527588,(),True,True,False
cam1_0013190204215716201.tif,0.6808915138244629,(),False,True,False
cam1_0013190205003958204.tif,0.6750912666320801,(),True,True,False
cam1_0013190205011830203.tif,0.6685271263122559,(),False,True,False
cam1_0013190205031008203.tif,0.6713352203369141,(),False,True,False
cam1_0013190205102114203.tif,0.6777524948120117,(),False,True,False
cam1_0013190206171302104.tif,0.6762487888336182,(),False,True,False
cam1_0013190206191712101.tif,0.6795010566711426,(),False,True,False
cam1_0013190206202536102.tif,0.680668830871582,(),False,True,False
cam1_0013190206210940301.tif,0.6809225082397461,(),False,True,False
cam1_0013190207070930103.tif,0.6789305210113525,(),False,False,False
cam1_0013190207071002104.tif,0.6860160827636719,(),False,False,False
cam1_0013190207071522204.tif,0.6709606647491455,(),True,False,False
cam1_0013190207071602304.tif,0.6715433597564697,(),False,False,False
cam1_0013190207071654204.tif,0.6775462627410889,(),False,True,False
cam1_0013190207080602204.tif,0.6857824325561523,(),True,False,False
cam1_0013190207092006101.tif,0.6760363578796387,(),True,False,False
cam1_0013190207101504101.tif,0.6880543231964111,(),False,False,False
cam1_0013190207114856102.tif,0.7243010997772217,(),False,False,False
cam1_0013190207124840301.tif,0.7458677291870117,(),True,False,False
cam1_0013190207131548202.tif,0.7077665328979492,(),False,False,False
cam1_0013190207132442302.tif,0.7241108417510986,(),True,False,False
cam1_0013190207143006201.tif,0.7016775608062744,(),True,False,False
cam1_0013190207144652102.tif,0.7080304622650146,(),True,False,False
cam1_0013190207154040102.tif,0.7102131843566895,(),False,True,False
cam1_0013190207234936301.tif,0.6835963726043701,(),False,False,False
cam1_0013190208011810203.tif,0.6761996746063232,(),False,True,False
cam1_0013190208040700203.tif,0.6950685977935791,(),False,False,False
cam1_0013190208065834202.tif,0.6847131252288818,(),True,False,False
cam1_0013190208122136201.tif,0.6875429153442383,(),True,True,False
cam1_0013190208130238204.tif,0.689532995223999,(),True,True,False
cam1_0013190208182436204.tif,0.7371253967285156,(),False,True,False
cam1_0013190209032212304.tif,0.707965612411499,(),False,True,False
cam1_0013190209032324104.tif,0.7229111194610596,(),True,True,False
cam1_0013190209032458104.tif,0.6876635551452637,(),False,False,False
cam1_0013190209033520202.tif,0.7040448188781738,(),False,True,False
cam1_0013190209034510203.tif,0.7294025421142578,(),True,True,False
cam1_0013190209034550303.tif,0.722907543182373,(),False,True,False
cam1_0013190209034938103.tif,0.7307276725769043,(),True,True,False
cam1_0013190209035834204.tif,0.6863052845001221,(),True,True,False
cam1_0013190209043824102.tif,0.6860523223876953,(),True,True,False
cam1_0013190209053100202.tif,0.6699926853179932,(),False,True,False
cam1_0013190209053814203.tif,0.6789817810058594,(),False,True,False
cam1_0013190209062526202.tif,0.6798808574676514,(),False,True,False
cam1_0013190209065828302.tif,0.6950106620788574,(),False,True,False
cam1_0013190209070022202.tif,0.6997270584106445,(),False,True,False
cam1_0013190209070032302.tif,0.6787896156311035,(),False,True,False
cam1_0013190209070102302.tif,0.6851184368133545,(),False,True,False
cam1_0013190209070510303.tif,0.7119264602661133,(),False,True,False
cam1_0013190209070654103.tif,0.6924591064453125,(),False,True,False
cam1_0013190209072702203.tif,0.6893312931060791,(),False,True,False
cam1_0013190209072712303.tif,0.6850533485412598,(),False,True,False
cam1_0013190209073230102.tif,0.6914756298065186,(),False,True,False
cam1_0013190209073250302.tif,0.6704607009887695,(),False,True,False
cam1_0013190209073322302.tif,0.6731643676757812,(),False,True,False
cam1_0013190209073850202.tif,0.6775193214416504,(),False,True,False
cam1_0013190209074002302.tif,0.6740634441375732,(),False,True,False
cam1_0013190209074226202.tif,0.666196346282959,(),False,True,False
cam1_0013190209074408302.tif,0.6810996532440186,(),False,True,False
cam1_0013190209074550102.tif,0.675300121307373,(),False,True,False
cam1_0013190209083200102.tif,0.6893625259399414,(),False,False,False
cam1_0013190209085630302.tif,0.6873078346252441,(),False,True,False
cam1_0013190209090344304.tif,0.6837723255157471,(),False,True,False
cam1_0013190209092838202.tif,0.6702268123626709,(),False,True,False
cam1_0013190209103012302.tif,0.6663229465484619,(),False,True,False
cam1_0013190209103144302.tif,0.6990923881530762,(),False,True,False
cam1_0013190209104520104.tif,0.6909220218658447,(),False,False,False
cam1_0013190209105506104.tif,0.7013237476348877,(),False,True,False
cam1_0013190209112344101.tif,0.6581122875213623,(),False,True,False
cam1_0013190209112628201.tif,0.6605043411254883,(),False,False,False
cam1_0013190209125600101.tif,0.6542098522186279,(),False,True,False
cam1_0013190209133616203.tif,0.6644086837768555,(),False,True,False
cam1_0013190209152222104.tif,0.6775572299957275,(),False,True,False
cam1_0013190209153058304.tif,0.6646606922149658,(),False,True,False
cam1_0013190209164818102.tif,0.6815469264984131,(),False,True,False
cam1_0013190209184540103.tif,0.6716001033782959,(),False,True,False
cam1_0013190209222440203.tif,0.6623899936676025,(),False,True,False
cam1_0013190210010220201.tif,0.6569206714630127,(),True,True,False
cam1_0013190210043138303.tif,0.668804407119751,(),False,False,False
cam1_0013190210101426304.tif,0.6580915451049805,(),False,False,False
cam1_0013190210173716203.tif,0.6593594551086426,(),False,False,False
cam1_0013190211015316301.tif,0.6703140735626221,(),False,False,False
cam1_0013190211213848203.tif,0.6572616100311279,(),False,False,False
cam1_0013190211225610102.tif,0.6611206531524658,(),True,False,False
cam1_0013190212163510104.tif,0.6738085746765137,(),True,True,False
cam1_0013190212232218101.tif,0.6770339012145996,(),True,False,False
cam1_0013190213092026302.tif,0.6593928337097168,(),False,True,False
cam1_0013190213185706103.tif,0.6672637462615967,(),False,False,False
cam1_0013190214070000103.tif,0.6716434955596924,(),True,True,False
cam1_0013190214072058204.tif,0.6587357521057129,(),False,False,False
cam1_0013190214072750103.tif,0.6675138473510742,(),True,False,False
cam1_0013190214102436301.tif,0.6631278991699219,(),False,False,False
cam1_0013190214120236202.tif,0.6576850414276123,(),False,False,False
cam1_0013190214120246302.tif,0.6602907180786133,(),False,False,False
cam1_0013190214125832201.tif,0.6675825119018555,(),False,False,False
cam1_0013190214130828101.tif,0.6709072589874268,(),False,True,False
cam1_0013190214131424301.tif,0.6559081077575684,(),False,False,False
cam1_0013190214134022101.tif,0.6647307872772217,(),False,True,False
cam1_0013190214134510203.tif,0.6662576198577881,(),False,True,False
cam1_0013190214144350304.tif,0.662783145904541,(),False,True,False
cam1_0013190214172838204.tif,0.6688587665557861,(),False,True,False
cam1_0013190214180544304.tif,0.6545162200927734,(),False,True,False
cam1_0013190214192220104.tif,0.6485209465026855,(),False,True,False
cam1_0013190214194504101.tif,0.6703457832336426,(),False,True,False
cam1_0013190214194706101.tif,0.6937029361724854,(),False,True,False
cam1_0013190214200404203.tif,0.6795265674591064,(),False,True,False
cam1_0013190214201346204.tif,0.6610534191131592,(),False,True,False
cam1_0013190214204016302.tif,0.663964033126831,(),False,True,False
cam1_0013190214204046302.tif,0.6639444828033447,(),False,True,False
cam1_0013190214204126102.tif,0.6846015453338623,(),False,True,False
cam1_0013190214204610202.tif,0.6636202335357666,(),False,True,False
cam1_0013190214210902302.tif,0.6823930740356445,(),False,True,False
cam1_0013190214214856103.tif,0.6858885288238525,(),False,True,False
cam1_0013190214224224304.tif,0.679896354675293,(),False,True,False
cam1_0013190214225354301.tif,0.6827857494354248,(),False,True,False
cam1_0013190214230848103.tif,0.6884777545928955,(),True,True,False
cam1_0013190214234618104.tif,0.6772568225860596,(),False,False,False
cam1_0013190215000150101.tif,0.6938414573669434,(),False,True,False
cam1_0013190215003258203.tif,0.6909780502319336,(),False,True,False
cam1_0013190215023204101.tif,0.6855175495147705,(),False,True,False
cam1_0013190215024044102.tif,0.6850221157073975,(),False,True,False
cam1_0013190215042018104.tif,0.6932966709136963,(),False,True,False
cam1_0013190215043518304.tif,0.6893181800842285,(),False,False,False
cam1_0013190215043650101.tif,0.6981093883514404,(),False,True,False
cam1_0013190215044726101.tif,0.693854808807373,(),False,True,False
cam1_0013190215050324202.tif,0.6828513145446777,(),False,True,False
cam1_0013190215050334302.tif,0.6853399276733398,(),False,True,False
cam1_0013190215055114302.tif,0.6971631050109863,(),False,False,False
cam1_0013190215073026303.tif,0.6886715888977051,(),False,True,False
cam1_0013190215073640103.tif,0.6887063980102539,(),False,True,False
cam1_0013190215075154104.tif,0.6952805519104004,(),False,True,False
cam1_0013190215075756104.tif,0.6836297512054443,(),False,True,False
cam1_0013190215080120101.tif,0.6922972202301025,(),False,True,False
cam1_0013190215080352101.tif,0.7008843421936035,(),True,False,False
cam1_0013190215082038103.tif,0.6943261623382568,(),False,True,False
cam1_0013190215082844103.tif,0.683171272277832,(),False,True,False
cam1_0013190215083226203.tif,0.6846041679382324,(),False,True,False
cam1_0013190215084736203.tif,0.688776969909668,(),False,True,False
cam1_0013190215085214103.tif,0.6824169158935547,(),False,True,False
cam1_0013190215090352303.tif,0.6894588470458984,(),False,True,False
cam1_0013190215091222203.tif,0.6953418254852295,(),False,True,False
cam1_0013190215093046302.tif,0.6903848648071289,(),False,True,False
cam1_0013190215094308104.tif,0.7007935047149658,(),False,True,False
cam1_0013190215094358304.tif,0.6757702827453613,(),False,True,False
cam1_0013190215095534304.tif,0.6918275356292725,(),False,True,False
cam1_0013190215104424201.tif,0.6888961791992188,(),False,True,False
cam1_0013190215112940303.tif,0.6928341388702393,(),False,True,False
cam1_0013190215115310201.tif,0.6874265670776367,(),False,True,False
cam1_0013190215122332104.tif,0.6894621849060059,(),False,True,False
cam1_0013190215122936104.tif,0.692885160446167,(),False,True,False
cam1_0013190215132636303.tif,0.6782867908477783,(),False,True,False
cam1_0013190215132746103.tif,0.6859524250030518,(),True,True,False
cam1_0013190215135440201.tif,0.6868641376495361,(),False,True,False
cam1_0013190215142600303.tif,0.6789100170135498,(),False,True,False
cam1_0013190215144302204.tif,0.6981697082519531,(),False,True,False
cam1_0013190215150832101.tif,0.703331470489502,(),False,True,False
cam1_0013190215151718201.tif,0.686295747756958,(),False,True,False
cam1_0013190215170532102.tif,0.6973350048065186,(),False,True,False
cam1_0013190215212748303.tif,0.6947519779205322,(),False,True,False
cam1_0013190216073828201.tif,0.6938469409942627,(),False,True,False
cam1_0013190216082030201.tif,0.6904237270355225,(),False,False,False
cam1_0013190216102754204.tif,0.7069201469421387,(),False,True,False
cam1_0013190216102856204.tif,0.6762101650238037,(),False,True,False
cam1_0013190216103018104.tif,0.6851868629455566,(),False,True,False
cam1_0013190216103028204.tif,0.6792283058166504,(),False,True,False
cam1_0013190216104220304.tif,0.6997079849243164,(),False,True,False
cam1_0013190216112350101.tif,0.6839034557342529,(),False,False,False
cam1_0013190216112420101.tif,0.6794600486755371,(),True,False,False
cam1_0013190216112432201.tif,0.6794347763061523,(),True,False,False
cam1_0013190216122730301.tif,0.6967265605926514,(),False,False,False
cam1_0013190216133930203.tif,0.6828961372375488,(),True,True,False
cam1_0013190216140454204.tif,0.6997983455657959,(),True,True,False
cam1_0013190216141212304.tif,0.6907291412353516,(),True,False,False
cam1_0013190216142750301.tif,0.698620080947876,(),True,True,False
cam1_0013190216151022103.tif,0.7065131664276123,(),False,True,False
cam1_0013190216152746203.tif,0.6871683597564697,(),False,True,False
cam1_0013190216161510303.tif,0.6920335292816162,(),False,True,False
cam1_0013190216161904203.tif,0.6889793872833252,(),False,True,False
cam1_0013190216163122303.tif,0.6887266635894775,(),False,True,False
cam1_0013190216201040201.tif,0.6884198188781738,(),False,True,False
cam1_0013190216203344302.tif,0.7082364559173584,(),False,True,False
cam1_0013190216210218102.tif,0.6860363483428955,(),True,True,False
cam1_0013190216211450303.tif,0.6944942474365234,(),False,True,False
cam1_0013190216212510104.tif,0.694105863571167,(),False,True,False
cam1_0013190216215150302.tif,0.6936371326446533,(),False,True,False
cam1_0013190216220538304.tif,0.6802334785461426,(),False,False,False
cam1_0013190216222528101.tif,0.69120192527771,(),False,True,False
cam1_0013190216232438204.tif,0.6837890148162842,(),False,True,False
cam1_0013190216234326204.tif,0.6939642429351807,(),False,True,False
cam1_0013190217000216302.tif,0.699610710144043,(),False,False,False
cam1_0013190217015322204.tif,0.6935470104217529,(),True,False,False
cam1_0013190217025602304.tif,0.6916944980621338,(),False,False,False
cam1_0013190217040308303.tif,0.6910922527313232,(),False,True,False
cam1_0013190217042822202.tif,0.6835751533508301,(),False,False,False
cam1_0013190217073024202.tif,0.6872711181640625,(),True,True,False
cam1_0013190217073246102.tif,0.6907768249511719,(),True,False,False
cam1_0013190217073558202.tif,0.6825511455535889,(),True,False,False
cam1_0013190217080210303.tif,0.6858057975769043,(),False,True,False
cam1_0013190217080352103.tif,0.6847710609436035,(),True,True,False
cam1_0013190217080720101.tif,0.6964015960693359,(),True,False,False
cam1_0013190217081430102.tif,0.6748628616333008,(),True,False,False
cam1_0013190217081534102.tif,0.6868352890014648,(),True,False,False
cam1_0013190217081544202.tif,0.6785531044006348,(),True,False,False
cam1_0013190217081704102.tif,0.6811738014221191,(),False,True,False
cam1_0013190217082126204.tif,0.6919140815734863,(),True,True,False
cam1_0013190217082846304.tif,0.6899993419647217,(),True,False,False
cam1_0013190217083928101.tif,0.6846857070922852,(),True,False,False
cam1_0013190217085404301.tif,0.6845147609710693,(),True,False,False
cam1_0013190217091026303.tif,0.6856541633605957,(),True,False,False
cam1_0013190217123110104.tif,0.6884939670562744,(),True,True,False
cam1_0013190217142836301.tif,0.6864938735961914,(),True,True,False
cam1_0013190217162200104.tif,0.6864993572235107,(),False,True,False
cam1_0013190217190148302.tif,0.6867032051086426,(),True,True,False
cam1_0013190217191014202.tif,0.6799228191375732,(),False,True,False
cam1_0013190217213756102.tif,0.6850976943969727,(),False,True,False
cam1_0013190217213908203.tif,0.6987848281860352,(),False,True,False
cam1_0013190217213938203.tif,0.6885805130004883,(),False,True,False
cam1_0013190217214322303.tif,0.6916234493255615,(),False,True,False
cam1_0013190217221920204.tif,0.7032601833343506,(),False,True,False
cam1_0013190217224404104.tif,0.683253288269043,(),False,True,False
cam1_0013190217232254304.tif,0.6969192028045654,(),False,True,False
cam1_0013190218063344204.tif,0.6797463893890381,(),False,True,False
cam1_0013190218082154203.tif,0.6907763481140137,(),False,False,False
cam1_0013190218083132203.tif,0.678466796875,(),False,True,False
cam1_0013190218093604204.tif,0.6847054958343506,(),False,False,False
cam1_0013190218101630302.tif,0.6788949966430664,(),False,True,False
cam1_0013190218104148102.tif,0.6960341930389404,(),False,False,False
cam1_0013190218104644302.tif,0.6940360069274902,(),False,False,False
cam1_0013190218105352303.tif,0.689417839050293,(),False,True,False
cam1_0013190218113218303.tif,0.6873321533203125,(),False,True,False
cam1_0013190218113622304.tif,0.6814537048339844,(),False,True,False
cam1_0013190218113724304.tif,0.6828830242156982,(),False,False,False
cam1_0013190218113734104.tif,0.689373254776001,(),False,False,False
cam1_0013190218114524301.tif,0.687798261642456,(),False,True,False
cam1_0013190218114906101.tif,0.6864147186279297,(),False,True,False
cam1_0013190218114936101.tif,0.6953067779541016,(),False,True,False
cam1_0013190218122640304.tif,0.6918272972106934,(),False,True,False
cam1_0013190218130918301.tif,0.6935381889343262,(),False,True,False
cam1_0013190218132100301.tif,0.6949605941772461,(),False,False,False
cam1_0013190218132200301.tif,0.6913189888000488,(),False,True,False
cam1_0013190218133952303.tif,0.6808018684387207,(),False,True,False
cam1_0013190218134808102.tif,0.6635787487030029,(),False,True,False
cam1_0013190218142338304.tif,0.6673471927642822,(),False,True,False
cam1_0013190218235548203.tif,0.6767232418060303,(),False,False,False
cam1_0013190219023114304.tif,0.6692354679107666,(),False,False,False
cam1_0013190219034938303.tif,0.6826286315917969,(),False,True,False
cam1_0013190219050842102.tif,0.6783566474914551,(),False,False,False
cam1_0013190219052008202.tif,0.6724057197570801,(),False,True,False
cam1_0013190219054010302.tif,0.7559893131256104,(),False,True,False
cam1_0013190219063920101.tif,0.733649492263794,(),False,True,False
cam1_0013190219064950301.tif,0.6947948932647705,(),False,True,False
cam1_0013190219092140202.tif,0.682481050491333,(),False,True,False
cam1_0013190219095150303.tif,0.6905105113983154,(),False,True,False
cam1_0013190219100020203.tif,0.6930077075958252,(),False,True,False
cam1_0013190219123136101.tif,0.715113639831543,(),True,False,False
cam1_0013190219133012203.tif,0.7057440280914307,(),False,True,False
cam1_0013190219133842104.tif,0.723684549331665,(),False,True,False
cam1_0013190219175230203.tif,0.7076256275177002,(),False,False,False
cam1_0013190220034038202.tif,0.7086849212646484,(),False,False,False
cam1_0013190220040636204.tif,0.7464280128479004,(),False,False,False
cam1_0013190220100540202.tif,0.6972978115081787,(),False,True,False
cam1_0013190220162652101.tif,0.724224328994751,(),True,False,False
cam1_0013190220173452301.tif,0.677997350692749,(),True,False,False
cam1_0013190220173704101.tif,0.7142775058746338,(),True,False,False
cam1_0013190220174614101.tif,0.6867690086364746,(),True,False,False
cam1_0013190220174624201.tif,0.6807637214660645,(),True,False,False
cam1_0013190220174734301.tif,0.67989182472229,(),True,True,False
cam1_0013190220233926202.tif,0.680264949798584,(),False,False,False
cam1_0013190221025002303.tif,0.679868221282959,(),False,False,False
cam1_0013190221032752104.tif,0.7517855167388916,(),False,False,False
cam1_0013190221055812301.tif,0.7249658107757568,(),False,False,False
cam1_0013190221062510301.tif,0.7451777458190918,(),False,False,False
cam1_0013190221062926101.tif,0.7240908145904541,(),False,False,False
cam1_0013190221210552104.tif,0.6980769634246826,(),False,True,False
cam1_0013190221211532201.tif,0.7093970775604248,(),False,True,False
cam1_0013190221214118102.tif,0.648655891418457,(),False,True,False
cam1_0013190221215302104.tif,0.6558465957641602,(),False,True,False
cam1_0013190221221312101.tif,0.6411492824554443,(),False,True,False
cam1_0013190221222240301.tif,0.6311964988708496,(),False,True,False
cam1_0013190222051754303.tif,0.6416339874267578,(),False,True,False
cam1_0013190222053954202.tif,0.6340980529785156,(),False,True,False
cam1_0013190222193900203.tif,0.7088344097137451,(),False,True,False
cam1_0013190222233726203.tif,0.6959006786346436,(),True,False,False
cam1_0013190223002036203.tif,0.6569390296936035,(),False,False,False
cam1_0013190223155348301.tif,0.709467887878418,(),False,False,False
cam1_0013190223155700302.tif,0.7538273334503174,(),False,False,False
cam1_0013190223155712102.tif,0.7061495780944824,(),False,False,False
cam1_0013190223202922202.tif,0.7146484851837158,(),False,False,False
cam1_0013190223222400202.tif,0.751619815826416,(),False,False,False
cam1_0013190223222412302.tif,0.6792309284210205,(),True,False,False
cam1_0013190223222432202.tif,0.6995494365692139,(),True,False,False
cam1_0013190223222524102.tif,0.6718153953552246,(),True,False,False
cam1_0013190223222536202.tif,0.7133419513702393,(),True,False,False
cam1_0013190223223204302.tif,0.7712218761444092,(),True,False,False
cam1_0013190225223114104.tif,0.7300910949707031,(),False,False,False
cam1_0013190226045020202.tif,0.7124068737030029,(),False,False,True
cam1_0013190227052246301.tif,0.7324323654174805,(),False,False,False
cam1_0013190227055742301.tif,0.7236356735229492,(),False,False,False
cam1_0013190227114400101.tif,0.7155733108520508,(),False,False,False
cam1_0013190227235950101.tif,0.7031519412994385,(),False,False,False
cam1_0013190301024222203.tif,0.6823890209197998,(),False,False,False
cam1_0013190301051852301.tif,0.6885361671447754,(),False,False,False
cam1_0013190301142214101.tif,0.6871569156646729,(),False,False,False
cam1_0013190301211528304.tif,0.6673672199249268,(),False,False,False
cam1_0013190303052534102.tif,0.6717314720153809,(),False,True,False
cam1_0013190303065400103.tif,0.6759576797485352,(),False,False,False
cam1_0013190303074750302.tif,0.667736291885376,(),False,False,False
cam1_0013190303203308203.tif,0.675330638885498,(),False,True,False
cam1_0013190303204840204.tif,0.6787872314453125,(),False,False,False
cam1_0013190304025510103.tif,0.667102575302124,(),False,True,False
cam1_0013190304052224104.tif,0.6721343994140625,(),False,False,False
cam1_0013190305061340201.tif,0.6684575080871582,(),False,False,False
cam1_0013190306140002204.tif,0.6745090484619141,(),False,True,False
cam1_0013190307025640101.tif,0.6951439380645752,(),False,False,False
cam1_0013190307072344202.tif,0.6754586696624756,(),False,False,False
cam1_0013190308092146302.tif,0.6712372303009033,(),False,False,False
cam1_0013190308094534102.tif,0.6658444404602051,(),False,False,False
cam1_0013190308124902201.tif,0.6775157451629639,(),False,False,False
cam1_0013190308125208201.tif,0.6759958267211914,(),True,False,False
cam1_0013190308134544101.tif,0.6756546497344971,(),False,False,False
cam1_0013190309033600104.tif,0.6711664199829102,(),False,False,False
cam1_0013190309150526303.tif,0.6643462181091309,(),False,True,False
cam1_0013190309225114204.tif,0.665966272354126,(),False,False,False
cam1_0013190310054634304.tif,0.6825785636901855,(),True,False,False
cam1_0013190310055834204.tif,0.6739833354949951,(),False,False,False
cam1_0013190310114308303.tif,0.6809637546539307,(),False,False,False
cam1_0013190310232534204.tif,0.676088809967041,(),False,False,False
cam1_0013190311000914104.tif,0.6727731227874756,(),False,True,False
cam1_0013190312130440202.tif,0.6822144985198975,(),False,True,False
cam1_0013190313045544303.tif,0.6693716049194336,(),True,False,False
cam1_0013190314025658303.tif,0.694119930267334,(),False,False,False
cam1_0013190314035928104.tif,0.6702737808227539,(),False,False,False
cam1_0013190314055856104.tif,0.6667468547821045,(),False,False,False
cam1_0013190314202402101.tif,0.679917573928833,(),False,False,False
cam1_0013190316023242204.tif,0.6658787727355957,(),False,True,False
cam1_0013190316023452204.tif,0.6697003841400146,(),False,False,False
cam1_0013190316124728303.tif,0.6675593852996826,(),True,False,False
cam1_0013190316124822203.tif,0.6645340919494629,(),True,False,False
cam1_0013190316124832303.tif,0.664963960647583,(),True,False,False
cam1_0013190316125008303.tif,0.6801121234893799,(),True,False,False
cam1_0013190316125310203.tif,0.6756644248962402,(),True,False,False
cam1_0013190316154334103.tif,0.6698393821716309,(),False,False,False
cam1_0013190317191738101.tif,0.6739006042480469,(),False,False,False
cam1_0013190318042656303.tif,0.6690599918365479,(),False,False,False
cam1_0013190319073002303.tif,0.6714446544647217,(),True,False,False
cam1_0013190320134134301.tif,0.6757395267486572,(),False,True,False
cam1_0013190320175204102.tif,0.6742568016052246,(),True,False,False
cam1_0013190321074142204.tif,0.6758675575256348,(),True,False,False
cam1_0013190321190744201.tif,0.6816444396972656,(),True,False,False
cam1_0013190322124252303.tif,0.6660218238830566,(),False,False,False
cam1_0013190322131644103.tif,0.6794006824493408,(),False,False,False
cam1_0013190322145002202.tif,0.6807272434234619,(),True,False,False
cam1_0013190322150136202.tif,0.690650224685669,(),True,False,False
cam1_0013190324071158102.tif,0.687903642654419,(),True,False,False
cam1_0013190325032602102.tif,0.6800589561462402,(),True,False,False
cam1_0013190325114724202.tif,0.6863424777984619,(),False,False,False
cam1_0013190326124206202.tif,0.6751220226287842,(),False,False,True
cam1_0013190326162626101.tif,0.68483567237854,(),False,False,False
cam1_0013190326213128203.tif,0.6808874607086182,(),False,True,False
cam1_0013190326230506202.tif,0.6817047595977783,(),True,False,False
cam1_0013190326231224201.tif,0.6935455799102783,(),True,False,False
cam1_0013190326234002104.tif,0.6836292743682861,(),True,False,False
cam1_0013190327005118104.tif,0.6614904403686523,(),True,False,False
cam1_0013190327021608302.tif,0.6880471706390381,(),False,False,True
cam1_0013190329062112303.tif,0.6880309581756592,(),False,True,False
cam1_0013190330075218203.tif,0.6923861503601074,(),False,False,False
cam1_0013190330075530204.tif,0.6834061145782471,(),False,False,False
cam1_0013190330111910301.tif,0.6934728622436523,(),False,False,False
cam1_0013190331103504102.tif,0.7013862133026123,(),True,False,False
cam1_0013190401063416102.tif,0.6909584999084473,(),False,False,False
cam1_0013190401231100102.tif,0.6920809745788574,(),False,True,False
cam1_0013190402222742101.tif,0.6936357021331787,(),False,False,False
cam1_0013190402225914204.tif,0.6794764995574951,(),True,False,False
cam1_0013190403002558104.tif,0.6826879978179932,(),True,False,False
cam1_0013190403031710101.tif,0.6882071495056152,(),False,False,False
cam1_0016190203184647102.tif,0.6795201301574707,(),False,True,False
cam1_0016190208013944203.tif,0.6921470165252686,(),False,False,True
cam1_0016190208014035202.tif,0.7023007869720459,(),True,False,False
cam1_0016190212205726304.tif,0.6873171329498291,(),False,False,True
cam1_0016190215222743304.tif,0.6949751377105713,(),False,False,False
cam1_0016190216024025304.tif,0.6913883686065674,(),False,False,False
cam1_0016190216045214304.tif,0.6887872219085693,(),False,False,False
cam1_0016190216050944302.tif,0.6860520839691162,(),False,False,True
cam1_0016190216063234304.tif,0.682990312576294,(),False,False,False
cam1_0016190216101014204.tif,0.688119649887085,(),False,False,False
cam1_0016190217113613304.tif,0.6959667205810547,(),False,False,True
cam1_0016190218074535104.tif,0.7005789279937744,(),False,False,True
cam1_0016190218164507204.tif,0.6891043186187744,(),False,False,True
cam1_0016190221002745302.tif,0.6946964263916016,(),True,False,False
cam1_0016190224205703101.tif,0.699692964553833,(),True,False,False
cam1_0016190225233904303.tif,0.7028858661651611,(),False,False,False
cam1_0016190226000848201.tif,0.692702054977417,(),True,False,False
cam1_0016190227024202204.tif,0.6820783615112305,(),False,False,True
cam1_0016190227173958204.tif,0.6972687244415283,(),False,False,True
cam1_0016190305171750104.tif,0.6926488876342773,(),False,False,True
cam1_0016190315201247103.tif,0.704702615737915,(),False,False,False
cam1_0016190316033835202.tif,0.6815488338470459,(),True,False,False
cam1_0016190316033903202.tif,0.6941697597503662,(),True,False,False
cam1_0016190316033920102.tif,0.6933658123016357,(),True,False,False
cam1_0016190316033948102.tif,0.679265022277832,(),True,False,False
cam1_0016190316035814302.tif,0.6939804553985596,(),True,False,False
cam1_0016190316044704102.tif,0.7007534503936768,(),True,False,False
cam1_0016190316170715101.tif,0.6946320533752441,(),True,False,False
cam1_0016190316171300303.tif,0.6913149356842041,(),True,False,False
cam1_0016190319153547102.tif,0.6899402141571045,(),False,False,False
cam1_0016190319192917304.tif,0.6822600364685059,(),False,False,False
cam1_0016190324164540302.tif,0.6791954040527344,(),False,False,False
cam1_0016190324232403204.tif,0.6826155185699463,(),False,False,False
cam1_0016190330120640102.tif,0.701500415802002,(),False,False,True
cam1_0016190401191845101.tif,0.6784331798553467,(),False,False,False
cam1_0016190401192648104.tif,0.6610093116760254,(),True,False,False
cam1_0016190401192716104.tif,0.6812055110931396,(),True,False,True
cam1_9999190207110504004.tif,0.674565315246582,(),False,False,False
cam1_9999190306015039066.tif,0.6585402488708496,(),False,False,False
cam1_9999190306020539415.tif,0.6687655448913574,(),False,False,False
cam1_9999190306033227105.tif,0.663034200668335,(),False,False,False
cam1_9999190306035627623.tif,0.6648049354553223,(),False,False,False
cam1_9999190306040214763.tif,0.6620419025421143,(),False,False,False
cam1_9999190306041721121.tif,0.6702113151550293,(),False,False,False
cam1_9999190306042634345.tif,0.6809902191162109,(),False,False,False
cam1_9999190306061234554.tif,0.6793167591094971,(),False,False,False
cam1_9999190306063345055.tif,0.6809310913085938,(),False,False,False
cam1_9999190306063642136.tif,0.6591103076934814,(),False,False,True
cam1_9999190306064533345.tif,0.6876106262207031,(),False,False,False
cam1_9999190306064807406.tif,0.6658174991607666,(),True,False,False
cam1_9999190306071803708.tif,0.6808359622955322,(),False,False,False
cam1_9999190306073823127.tif,0.6970095634460449,(),False,False,True
cam1_9999190306095444933.tif,0.6839876174926758,(),False,False,False
cam1_9999190314075921890.tif,0.6612405776977539,(),True,False,False
cam1_9999190314081150054.tif,0.6861915588378906,(),True,False,False
cam1_9999190314081708155.tif,0.6736962795257568,(),False,False,False
cam1_9999190320105244394.tif,0.6846191883087158,(),False,False,False
cam1_9999190320105526465.tif,0.6878323554992676,(),False,False,False
cam1_9999190320105743524.tif,0.6618213653564453,(),False,False,False
cam1_9999190320112310856.tif,0.6783602237701416,(),False,False,False
cam1_9999190320112332868.tif,0.681532621383667,(),False,False,False
cam1_9999190320113601207.tif,0.6693079471588135,(),False,False,False
cam1_9999190320114200352.tif,0.6697177886962891,(),False,False,False
cam1_9999190320114343392.tif,0.6688261032104492,(),False,False,False
cam1_9999190320114527435.tif,0.6774005889892578,(),False,False,False
cam1_9999190320121115913.tif,0.6656966209411621,(),False,False,False
cam1_9999190320121651029.tif,0.6808426380157471,(),False,False,False
cam1_9999190320123725474.tif,0.669053316116333,(),False,False,False
cam1_9999190320124251599.tif,0.6691246032714844,(),False,False,False
cam1_9999190320150508279.tif,0.6749119758605957,(),False,False,False
cam1_9999190320160213663.tif,0.6699137687683105,(),True,False,False
cam1_9999190320162533087.tif,0.684149980545044,(),True,False,False
cam1_9999190320163228268.tif,0.7082650661468506,(),True,False,False
cam1_9999190320164007474.tif,0.6837208271026611,(),True,False,False
cam1_9999190320164232538.tif,0.6644318103790283,(),True,False,False
cam1_9999190320164326560.tif,0.6805918216705322,(),True,False,False
cam1_9999190320170938192.tif,0.6843616962432861,(),True,False,False
cam1_9999190320171411233.tif,0.6785035133361816,(),True,False,False
cam2_0013190122071044202.tif,0.6866331100463867,(),False,False,False
cam2_0013190122072106104.tif,0.681877613067627,(),False,False,False
cam2_0013190122084902101.tif,0.6925013065338135,(),False,False,False
cam2_0013190122090648303.tif,0.6840345859527588,(),False,False,False
cam2_0013190122093648203.tif,0.686652660369873,(),False,False,False
cam2_0013190122094158301.tif,0.698509693145752,(),False,False,False
cam2_0013190122094218201.tif,0.681370735168457,(),False,False,False
cam2_0013190122094436302.tif,0.6844909191131592,(),False,False,False
cam2_0013190122095838104.tif,0.6864662170410156,(),False,False,False
cam2_0013190122164446103.tif,0.6850512027740479,(),False,False,False
cam2_0013190122164530204.tif,0.6827535629272461,(),False,False,False
cam2_0013190122165020304.tif,0.6758606433868408,(),False,False,False
cam2_0013190122191142101.tif,0.6806254386901855,(),False,False,False
cam2_0013190122195420301.tif,0.6964006423950195,(),False,False,False
cam2_0013190122204116101.tif,0.6859025955200195,(),False,False,False
cam2_0013190122210440301.tif,0.7003278732299805,(),False,False,False
cam2_0013190122210620304.tif,0.6799445152282715,(),False,False,False
cam2_0013190122212732104.tif,0.6816892623901367,(),False,False,False
cam2_0013190123094552102.tif,0.6818423271179199,(),True,False,False
cam2_0013190125013516301.tif,0.6883103847503662,(),False,True,False
cam2_0013190125135530203.tif,0.6787803173065186,(),False,True,False
cam2_0013190202145922201.tif,0.6813352108001709,(),True,False,False
cam2_0013190202145942101.tif,0.6850132942199707,(),True,False,False
cam2_0013190203101526202.tif,0.6794755458831787,(),False,False,False
cam2_0013190204091546103.tif,0.6830570697784424,(),True,True,False
cam2_0013190204120616203.tif,0.6806678771972656,(),True,False,False
cam2_0013190204120718203.tif,0.6811902523040771,(),True,False,False
cam2_0013190204154452204.tif,0.6889266967773438,(),False,True,False
cam2_0013190204180820201.tif,0.6965370178222656,(),True,True,False
cam2_0013190205143816101.tif,0.6802804470062256,(),True,False,False
cam2_0013190207091918202.tif,0.6819994449615479,(),False,False,False
cam2_0013190207112008101.tif,0.6903598308563232,(),False,False,False
cam2_0013190207120226203.tif,0.7029249668121338,(),False,False,False
cam2_0013190207121710103.tif,0.685755729675293,(),False,False,False
cam2_0013190207131022303.tif,0.6844303607940674,(),False,False,False
cam2_0013190207133246203.tif,0.6906743049621582,(),False,False,False
cam2_0013190207135138103.tif,0.6832914352416992,(),False,False,False
cam2_0013190208063200201.tif,0.6934733390808105,(),True,False,False
cam2_0013190208064712102.tif,0.6937837600708008,(),False,False,False
cam2_0013190208192610203.tif,0.6899242401123047,(),False,False,False
cam2_0013190209061422303.tif,0.6876215934753418,(),False,False,False
cam2_0013190209071112204.tif,0.6800739765167236,(),False,False,False
cam2_0013190209092138302.tif,0.6844749450683594,(),False,False,False
cam2_0013190210124522102.tif,0.6880342960357666,(),False,False,False
cam2_0013190210184242101.tif,0.6818060874938965,(),False,False,False
cam2_0013190211191626203.tif,0.6817429065704346,(),False,False,False
cam2_0013190212071704204.tif,0.6812207698822021,(),True,False,False
cam2_0013190212101012104.tif,0.6867399215698242,(),False,False,False
cam2_0013190213174034303.tif,0.6813876628875732,(),False,False,False
cam2_0013190214055536102.tif,0.6845481395721436,(),False,False,False
cam2_0013190214060236304.tif,0.6799561977386475,(),False,False,False
cam2_0013190214223200201.tif,0.7030324935913086,(),False,False,False
cam2_0013190216054314104.tif,0.68896484375,(),False,True,False
cam2_0013190216142854302.tif,0.6847479343414307,(),True,False,True
cam2_0013190217015304101.tif,0.684337854385376,(),False,False,False
cam2_0013190217183054101.tif,0.6952385902404785,(),False,False,False
cam2_0013190217210334203.tif,0.6819384098052979,(),False,False,False
cam2_0013190217211348301.tif,0.6803290843963623,(),True,False,False
cam2_0013190219021844104.tif,0.6849460601806641,(),False,False,False
cam2_0013190219022522201.tif,0.6957201957702637,(),True,False,False
cam2_0013190219022542101.tif,0.6958053112030029,(),False,False,False
cam2_0013190219043832302.tif,0.6917810440063477,(),False,True,False
cam2_0013190220104204102.tif,0.6897337436676025,(),False,False,False
cam2_0013190221003146202.tif,0.6858522891998291,(),False,True,False
cam2_0013190222100526201.tif,0.6853268146514893,(),False,False,False
cam2_0013190222210746201.tif,0.6662218570709229,(),False,True,True
cam2_0013190222232414103.tif,0.6815943717956543,(),False,False,False
cam2_0013190222234340203.tif,0.6878767013549805,(),False,True,False
cam2_0013190223070536204.tif,0.6846740245819092,(),False,False,False
cam2_0013190223151412101.tif,0.6904985904693604,(),False,False,False
cam2_0013190224154702301.tif,0.7124741077423096,(),False,False,False
cam2_0013190224223000101.tif,0.694890022277832,(),False,False,False
cam2_0013190224230908204.tif,0.7002005577087402,(),False,False,False
cam2_0013190226140510103.tif,0.6793453693389893,(),False,False,False
cam2_0013190228063008202.tif,0.6883828639984131,(),False,False,False
cam2_0013190301042106303.tif,0.6813609600067139,(),False,False,False
cam2_0013190301211934301.tif,0.6930263042449951,(),True,False,False
cam2_0013190302084118104.tif,0.7114627361297607,(),False,False,False
cam2_0013190302215214202.tif,0.7193410396575928,(),True,False,False
cam2_0013190303052018103.tif,0.69631028175354,(),False,False,False
cam2_0013190304042532301.tif,0.7050449848175049,(),False,False,False
cam2_0013190304082810202.tif,0.679149866104126,(),False,False,False
cam2_0013190304094322301.tif,0.6761982440948486,(),False,False,False
cam2_0013190304110600102.tif,0.6824567317962646,(),False,False,False
cam2_0013190304141326104.tif,0.6896457672119141,(),False,False,False
cam2_0013190304142538103.tif,0.6970508098602295,(),False,False,False
cam2_0013190304142544201.tif,0.6978447437286377,(),False,False,False
cam2_0013190304153640204.tif,0.6842358112335205,(),False,False,False
cam2_0013190304160222101.tif,0.6809089183807373,(),False,False,False
cam2_0013190304160300103.tif,0.6859989166259766,(),False,False,False
cam2_0013190304160356304.tif,0.6867990493774414,(),False,False,False
cam2_0013190306021626203.tif,0.6849164962768555,(),False,False,False
cam2_0013190307024858202.tif,0.6739470958709717,(),False,False,False
cam2_0013190307055158204.tif,0.6829948425292969,(),False,False,False
cam2_0013190308040732301.tif,0.6856217384338379,(),False,False,False
cam2_0013190308113022201.tif,0.6817398071289062,(),False,False,False
cam2_0013190309001342101.tif,0.6813399791717529,(),False,False,False
cam2_0013190309090034303.tif,0.6780290603637695,(),False,False,False
cam2_0013190309144220303.tif,0.6969072818756104,(),False,False,False
cam2_0013190310055318301.tif,0.6970787048339844,(),False,False,False
cam2_0013190310093350301.tif,0.6725759506225586,(),False,False,False
cam2_0013190310093400101.tif,0.682267427444458,(),False,False,False
cam2_0013190312033822102.tif,0.6745216846466064,(),False,False,False
cam2_0013190312224540301.tif,0.6904144287109375,(),True,False,False
cam2_0013190313165926304.tif,0.6809043884277344,(),False,False,False
cam2_0013190313202100101.tif,0.6844394207000732,(),False,False,False
cam2_0013190314000232104.tif,0.6803300380706787,(),True,True,False
cam2_0013190315081500301.tif,0.6832561492919922,(),False,False,False
cam2_0013190315231336201.tif,0.6856553554534912,(),True,False,False
cam2_0013190319010628104.tif,0.69203782081604,(),False,False,False
cam2_0013190319203030204.tif,0.6862666606903076,(),False,False,False
cam2_0013190320151050201.tif,0.6848022937774658,(),False,False,False
cam2_0013190321072324303.tif,0.6869082450866699,(),True,False,False
cam2_0013190321144020303.tif,0.6803679466247559,(),False,False,False
cam2_0013190321155852204.tif,0.6785495281219482,(),True,False,False
cam2_0013190321160016104.tif,0.6901791095733643,(),True,False,False
cam2_0013190321161432202.tif,0.6806845664978027,(),False,False,False
cam2_0013190321164630101.tif,0.6862404346466064,(),False,False,False
cam2_0013190323032642303.tif,0.6917526721954346,(),False,True,False
cam2_0013190323213646102.tif,0.6819231510162354,(),False,False,False
cam2_0013190324141208104.tif,0.6788785457611084,(),True,False,False
cam2_0013190325203904101.tif,0.682440996170044,(),False,False,False
cam2_0013190326191920304.tif,0.6962933540344238,(),False,False,False
cam2_0013190327004912103.tif,0.6931023597717285,(),True,False,False
cam2_0013190329004628202.tif,0.7026891708374023,(),False,False,False
cam2_0013190329004700202.tif,0.6907939910888672,(),False,True,False
cam2_0013190329012526203.tif,0.6873908042907715,(),False,True,False
cam2_0013190329021626204.tif,0.677570104598999,(),False,True,False
cam2_0013190329095834103.tif,0.6833944320678711,(),False,False,True
cam2_0013190329102808104.tif,0.6920673847198486,(),False,False,False
cam2_0013190330045516302.tif,0.6800894737243652,(),False,False,False
cam2_0013190330074134304.tif,0.6577498912811279,(),False,False,False
cam2_0013190330081406201.tif,0.6840245723724365,(),False,False,False
cam2_0013190330103920204.tif,0.6663062572479248,(),False,False,False
cam2_0013190330105936301.tif,0.6747615337371826,(),False,True,False
cam2_0013190330111236301.tif,0.6736645698547363,(),False,False,False
cam2_0013190330121406202.tif,0.6652014255523682,(),False,False,False
cam2_0013190331044708102.tif,0.6701052188873291,(),False,False,False
cam2_0013190401133012203.tif,0.6695346832275391,(),False,False,False
cam2_0013190402003530301.tif,0.6707875728607178,(),False,False,False
cam2_0013190402003910301.tif,0.6541280746459961,(),False,False,False
cam2_0013190402014658102.tif,0.671245813369751,(),False,False,True
cam2_0013190402220722204.tif,0.6802947521209717,(),False,False,False
cam2_0013190403070150202.tif,0.6817753314971924,(),True,False,False
cam2_0016190202142558204.tif,0.6688048839569092,(),False,False,True
cam2_0016190203171759301.tif,0.680659294128418,(),False,False,True
cam2_0016190204170030304.tif,0.6654958724975586,(),False,True,False
cam2_0016190209232436201.tif,0.6736459732055664,(),False,False,True
cam2_0016190218230427201.tif,0.6664278507232666,(),False,False,True
cam2_0016190221030732301.tif,0.6686818599700928,(),True,False,False
cam2_0016190301133907204.tif,0.6667675971984863,(),False,False,True
cam2_0016190302192847304.tif,0.6822490692138672,(),False,False,True
cam2_0016190307063953304.tif,0.6738142967224121,(),False,True,False
cam2_0016190307124109201.tif,0.6663248538970947,(),False,False,False
cam2_0016190307124128101.tif,0.6663553714752197,(),False,False,False
cam2_0016190307124242301.tif,0.6668343544006348,(),False,False,False
cam2_0016190307125805101.tif,0.6763243675231934,(),False,False,False
cam2_0016190307125936201.tif,0.6693923473358154,(),False,False,False
cam2_0016190307130507202.tif,0.6632890701293945,(),False,False,False
cam2_0016190307131739204.tif,0.6640434265136719,(),False,False,False
cam2_0016190307132436204.tif,0.6702878475189209,(),False,False,False
cam2_0016190307133322204.tif,0.6642153263092041,(),False,False,False
cam2_0016190307135611302.tif,0.6751689910888672,(),False,False,False
cam2_0016190307143952204.tif,0.6633188724517822,(),False,False,False
cam2_0016190307144739302.tif,0.6671884059906006,(),False,True,False
cam2_0016190307150235104.tif,0.6621246337890625,(),False,False,False
cam2_0016190307153839102.tif,0.6642534732818604,(),False,False,False
cam2_0016190307164607202.tif,0.6746749877929688,(),False,False,False
cam2_0016190307165105302.tif,0.6702568531036377,(),False,False,False
cam2_0016190307170419103.tif,0.6752009391784668,(),False,False,False
cam2_0016190307170550203.tif,0.673753023147583,(),False,False,False
cam2_0016190307172402202.tif,0.6772322654724121,(),False,False,False
cam2_0016190307180808201.tif,0.6845154762268066,(),False,False,False
cam2_0016190307181303101.tif,0.6791341304779053,(),False,False,False
cam2_0016190307182214204.tif,0.6935546398162842,(),False,False,False
cam2_0016190307183309104.tif,0.6784899234771729,(),False,False,False
cam2_0016190307190241102.tif,0.6867063045501709,(),False,False,False
cam2_0016190307193558304.tif,0.6810979843139648,(),False,False,False
cam2_0016190307200342303.tif,0.6895802021026611,(),False,False,False
cam2_0016190307201817203.tif,0.6868317127227783,(),False,False,False
cam2_0016190307204434202.tif,0.6821377277374268,(),False,False,False
cam2_0016190307205029104.tif,0.704972505569458,(),False,False,False
cam2_0016190307211951304.tif,0.6731672286987305,(),False,False,False
cam2_0016190307213347102.tif,0.676722526550293,(),False,False,False
cam2_0016190307213856103.tif,0.679255485534668,(),False,False,False
cam2_0016190307215640203.tif,0.6877460479736328,(),False,False,False
cam2_0016190307220418103.tif,0.6819443702697754,(),False,False,False
cam2_0016190307222320302.tif,0.6944968700408936,(),False,False,False
cam2_0016190307223126103.tif,0.6768808364868164,(),False,False,False
cam2_0016190307224909203.tif,0.6851184368133545,(),False,False,False
cam2_0016190307225915303.tif,0.6825487613677979,(),True,False,False
cam2_0016190307232705201.tif,0.6834995746612549,(),False,True,False
cam2_0016190307232959301.tif,0.6878268718719482,(),True,False,False
cam2_0016190307233425202.tif,0.6823625564575195,(),True,False,False
cam2_0016190307235610204.tif,0.6921954154968262,(),False,False,False
cam2_0016190308005152301.tif,0.7136330604553223,(),False,False,False
cam2_0016190308005220301.tif,0.7096617221832275,(),False,False,False
cam2_0016190308005235202.tif,0.7199406623840332,(),False,False,False
cam2_0016190308005409302.tif,0.7217168807983398,(),False,False,False
cam2_0016190308005628302.tif,0.718707799911499,(),False,False,False
cam2_0016190308011022302.tif,0.7045395374298096,(),False,False,False
cam2_0016190308011257202.tif,0.7218513488769531,(),False,False,False
cam2_0016190308011344102.tif,0.712348222732544,(),False,False,False
cam2_0016190308011353202.tif,0.7095797061920166,(),False,False,False
cam2_0016190308013413103.tif,0.7008874416351318,(),False,False,False
cam2_0016190308014309203.tif,0.7007308006286621,(),False,False,False
cam2_0016190308020540303.tif,0.6917991638183594,(),False,False,False
cam2_0016190308025254203.tif,0.6933548450469971,(),False,False,False
cam2_0016190308025401304.tif,0.696502685546875,(),False,False,False
cam2_0016190308030007201.tif,0.720705509185791,(),False,False,False
cam2_0016190308030559103.tif,0.7131791114807129,(),False,False,False
cam2_0016190308031435301.tif,0.6892671585083008,(),False,False,False
cam2_0016190308031537303.tif,0.7094511985778809,(),False,False,False
cam2_0016190308031619103.tif,0.7068655490875244,(),False,False,False
cam2_0016190308032336104.tif,0.7008848190307617,(),False,True,False
cam2_0016190308032439202.tif,0.7029359340667725,(),False,False,False
cam2_0016190308032655102.tif,0.6924552917480469,(),False,False,False
cam2_0016190308035216101.tif,0.6782934665679932,(),False,False,False
cam2_0016190308044110204.tif,0.6861095428466797,(),False,False,False
cam2_0016190308045014104.tif,0.6947672367095947,(),False,False,False
cam2_0016190308045034304.tif,0.6954679489135742,(),False,False,False
cam2_0016190308045631301.tif,0.6833834648132324,(),False,False,False
cam2_0016190308051258201.tif,0.7079503536224365,(),False,False,False
cam2_0016190308051733202.tif,0.6937589645385742,(),False,False,False
cam2_0016190308052556103.tif,0.7031650543212891,(),False,False,False
cam2_0016190308053312304.tif,0.6968026161193848,(),True,False,False
cam2_0016190308060244103.tif,0.7000665664672852,(),False,False,False
cam2_0016190308060414203.tif,0.7127337455749512,(),False,False,False
cam2_0016190308071132303.tif,0.7068321704864502,(),False,False,False
cam2_0016190308071437203.tif,0.729701042175293,(),False,True,False
cam2_0016190308071845204.tif,0.7114148139953613,(),False,True,False
cam2_0016190308074050201.tif,0.695293664932251,(),False,False,False
cam2_0016190308081202301.tif,0.7047555446624756,(),False,False,False
cam2_0016190308081657102.tif,0.6867916584014893,(),False,False,False
cam2_0016190308081829202.tif,0.6917240619659424,(),False,False,False
cam2_0016190308082207103.tif,0.6968770027160645,(),False,False,False
cam2_0016190308090640304.tif,0.705399751663208,(),False,True,False
cam2_0016190309034332304.tif,0.7148528099060059,(),False,False,False
cam2_0016190319184244203.tif,0.7078304290771484,(),False,False,False
cam2_9999190306014228845.tif,0.7025997638702393,(),False,False,False
cam2_9999190306014259861.tif,0.6998302936553955,(),False,False,False
cam2_9999190306014635971.tif,0.6893270015716553,(),False,False,False
cam2_9999190306015222106.tif,0.7015700340270996,(),False,False,False
cam2_9999190306020236341.tif,0.7036588191986084,(),False,False,False
cam2_9999190306020642436.tif,0.6955180168151855,(),False,False,False
cam2_9999190306021537508.tif,0.6996357440948486,(),False,False,False
cam2_9999190306021630528.tif,0.7148110866546631,(),False,False,False
cam2_9999190306021654540.tif,0.6971242427825928,(),False,False,False
cam2_9999190306022356741.tif,0.7777371406555176,(),False,False,False
cam2_9999190306031937793.tif,0.6879129409790039,(),False,False,False
cam2_9999190306032015809.tif,0.6949105262756348,(),False,False,False
cam2_9999190306032647957.tif,0.7065396308898926,(),False,False,False
cam2_9999190306033218102.tif,0.7068169116973877,(),False,False,False
cam2_9999190306033236110.tif,0.7047252655029297,(),False,False,False
cam2_9999190306034617354.tif,0.7055952548980713,(),False,False,False
cam2_9999190306040204756.tif,0.702803373336792,(),False,False,False
cam2_9999190306040630862.tif,0.7077960968017578,(),False,False,False
cam2_9999190306043555570.tif,0.7085845470428467,(),False,False,False
cam2_9999190306045417747.tif,0.7128350734710693,(),False,False,False
cam2_9999190306051459280.tif,0.7157585620880127,(),False,False,False
cam2_9999190306051547300.tif,0.7004609107971191,(),False,False,False
cam2_9999190306051651324.tif,0.6977806091308594,(),False,False,False
cam2_9999190306051817360.tif,0.6867198944091797,(),False,False,False
cam2_9999190306052550468.tif,0.696897029876709,(),False,False,False
cam2_9999190306052853560.tif,0.6913895606994629,(),False,False,False
cam2_9999190306053207617.tif,0.7028636932373047,(),False,False,False
cam2_9999190306054733921.tif,0.7129213809967041,(),False,False,False
cam2_9999190306060148293.tif,0.6867468357086182,(),False,False,False
cam2_9999190306060446365.tif,0.6969201564788818,(),False,False,False
cam2_9999190306062137769.tif,0.6929373741149902,(),False,False,False
cam2_9999190306062146773.tif,0.7006337642669678,(),False,False,False
cam2_9999190306064024221.tif,0.700613260269165,(),False,False,False
cam2_9999190306064033225.tif,0.7063353061676025,(),False,True,False
cam2_9999190306064312290.tif,0.6937170028686523,(),False,False,False
cam2_9999190306064942444.tif,0.6944115161895752,(),False,True,False
cam2_9999190306070917580.tif,0.711768627166748,(),False,False,False
cam2_9999190306072004753.tif,0.7019467353820801,(),False,False,False
cam2_9999190306072100773.tif,0.691821813583374,(),False,False,False
cam2_9999190306082425042.tif,0.6795945167541504,(),False,False,False
cam2_9999190306083113234.tif,0.6800410747528076,(),False,False,False
cam2_9999190306093439491.tif,0.6808750629425049,(),False,False,False
cam2_9999190314080346939.tif,0.6983976364135742,(),False,False,False
cam2_9999190314080515983.tif,0.7012579441070557,(),False,False,False
cam2_9999190314081532124.tif,0.6696743965148926,(),False,True,False
cam2_9999190314082306333.tif,0.6845009326934814,(),False,False,False
cam2_9999190320143654651.tif,0.7522780895233154,(),False,False,False
cam3_0013190123054854104.tif,0.7417826652526855,(),False,False,False
cam3_0013190204210518304.tif,0.7252016067504883,(),True,True,False
cam3_0013190205023134203.tif,0.7090597152709961,(),False,True,False
cam3_0013190205145202102.tif,0.6905360221862793,(),True,False,False
cam3_0013190207080740302.tif,0.7309119701385498,(),False,False,False
cam3_0013190207204804301.tif,0.6822347640991211,(),False,False,False
cam3_0013190208221036303.tif,0.6944966316223145,(),False,False,False
cam3_0013190211005200204.tif,0.7038626670837402,(),True,False,False
cam3_0013190211015158102.tif,0.7078359127044678,(),True,False,False
cam3_0013190211225418202.tif,0.6895241737365723,(),True,False,False
cam3_0013190212070102102.tif,0.7119553089141846,(),True,True,True
cam3_0013190213183654104.tif,0.6890389919281006,(),False,False,False
cam3_0013190214075048204.tif,0.6659045219421387,(),False,False,False
cam3_0013190214150106203.tif,0.7354435920715332,(),False,False,False
cam3_0013190215043130202.tif,0.7598016262054443,(),True,False,False
cam3_0013190215081952301.tif,0.654707670211792,(),False,False,False
cam3_0013190215145056103.tif,0.7136023044586182,(),False,True,False
cam3_0013190215145110301.tif,0.6897766590118408,(),False,False,False
cam3_0013190215204336203.tif,0.6546874046325684,(),False,True,False
cam3_0013190215204346303.tif,0.6644933223724365,(),False,False,False
cam3_0013190215213516301.tif,0.667905330657959,(),False,False,False
cam3_0013190217080548101.tif,0.6775822639465332,(),True,False,False
cam3_0013190217123716104.tif,0.6539351940155029,(),False,True,False
cam3_0013190217211330102.tif,0.6757559776306152,(),False,False,False
cam3_0013190218093610302.tif,0.6786549091339111,(),False,False,False
cam3_0013190219022716102.tif,0.7254579067230225,(),False,False,False
cam3_0013190219034608101.tif,0.7196605205535889,(),False,False,False
cam3_0013190219043002103.tif,0.7112421989440918,(),False,False,False
cam3_0013190221000030304.tif,0.7069156169891357,(),True,False,False
cam3_0013190221000720201.tif,0.6816613674163818,(),True,False,False
cam3_0013190221080244102.tif,0.714423418045044,(),False,False,True
cam3_0013190222105832201.tif,0.6675271987915039,(),True,False,False
cam3_0013190222123456202.tif,0.6628763675689697,(),False,True,False
cam3_0013190223205002302.tif,0.6774394512176514,(),False,False,False
cam3_0013190226142534204.tif,0.6868689060211182,(),False,False,False
cam3_0013190227214848204.tif,0.6645302772521973,(),True,False,False
cam3_0013190304200934302.tif,0.6849856376647949,(),False,True,False
cam3_0013190304222324304.tif,0.6746408939361572,(),False,False,False
cam3_0013190305011508104.tif,0.6816296577453613,(),False,True,False
cam3_0013190305013602302.tif,0.6759498119354248,(),False,True,False
cam3_0013190307031230303.tif,0.6814727783203125,(),False,False,True
cam3_0013190309040808202.tif,0.6717352867126465,(),False,False,False
cam3_0013190310114940102.tif,0.7200648784637451,(),False,False,False
cam3_0013190313061234101.tif,0.7167510986328125,(),True,False,True
cam3_0013190313061246201.tif,0.6950469017028809,(),True,False,True
cam3_0013190314055322303.tif,0.6898047924041748,(),False,False,False
cam3_0013190314101758202.tif,0.6905512809753418,(),False,False,False
cam3_0013190314193938304.tif,0.6717524528503418,(),False,False,False
cam3_0013190318075150204.tif,0.7273120880126953,(),True,False,False
cam3_0013190318103048304.tif,0.7309513092041016,(),False,True,False
cam3_0013190318114732102.tif,0.7182731628417969,(),True,False,False
cam3_0013190319205316101.tif,0.697462797164917,(),False,False,False
cam3_0013190320181012304.tif,0.7067372798919678,(),True,False,False
cam3_0013190321091306203.tif,0.6796619892120361,(),False,False,False
cam3_0013190322093912101.tif,0.7001862525939941,(),False,True,False
cam3_0013190323160702301.tif,0.7011346817016602,(),True,False,False
cam3_0013190323160712101.tif,0.7195286750793457,(),True,False,False
cam3_0013190323174724204.tif,0.7192263603210449,(),True,False,False
cam3_0013190324084302201.tif,0.6897614002227783,(),True,True,False
cam3_0013190324184540304.tif,0.6763510704040527,(),False,False,False
cam3_0013190326015622103.tif,0.6643061637878418,(),True,True,False
cam3_0013190329021724202.tif,0.7399070262908936,(),False,False,False
cam3_0013190329135030203.tif,0.6913585662841797,(),False,False,True
cam3_0013190330072636103.tif,0.6846082210540771,(),False,False,False
cam3_0013190330091256204.tif,0.6810956001281738,(),True,False,False
cam3_0013190330091336304.tif,0.6855478286743164,(),False,True,False
cam3_0013190330091428204.tif,0.6836521625518799,(),True,False,False
cam3_0013190330091450104.tif,0.6945211887359619,(),False,False,False
cam3_0013190330220812104.tif,0.688215970993042,(),False,False,False
cam3_0013190402033834203.tif,0.6968429088592529,(),False,False,False
cam3_0013190402153426302.tif,0.6773180961608887,(),True,True,False
cam3_0013190402172840302.tif,0.6844542026519775,(),False,False,False
cam3_0013190402181050104.tif,0.683260440826416,(),False,False,False
cam3_0013190402213334302.tif,0.6857137680053711,(),False,False,False
cam3_0013190402223224304.tif,0.6897244453430176,(),False,True,False
cam3_0013190403063340302.tif,0.6895062923431396,(),True,True,False
cam3_0013190403070032101.tif,0.6884641647338867,(),True,False,False
cam3_0013190403070108102.tif,0.6752583980560303,(),True,False,False
cam3_0016190212070119203.tif,0.6832103729248047,(),True,True,True
cam3_0016190221030731302.tif,0.6648008823394775,(),True,False,False
cam3_0016190305142248202.tif,0.6815974712371826,(),False,False,False
cam3_0016190305212739302.tif,0.6671292781829834,(),False,False,False
cam3_0016190307182953101.tif,0.6824018955230713,(),False,False,False
cam3_0016190311150133103.tif,0.663604736328125,(),False,True,False
cam3_0016190318141322301.tif,0.671717643737793,(),False,True,False
cam3_0016190322051314103.tif,0.6815915107727051,(),False,False,False
cam3_9999190306015039064.tif,0.6874508857727051,(),False,False,False
cam3_9999190314075220726.tif,0.7037675380706787,(),False,False,False
cam3_9999190314080410948.tif,0.6790814399719238,(),False,False,False
cam3_9999190314081724161.tif,0.6777486801147461,(),False,False,False
cam3_9999190314081819190.tif,0.673802375793457,(),False,False,False
cam3_9999190314082426370.tif,0.6846463680267334,(),False,False,False
cam3_9999190314083402595.tif,0.6914689540863037,(),True,False,False
cam3_9999190314085711035.tif,0.670473575592041,(),False,False,False
cam3_9999190314090827285.tif,0.6814494132995605,(),False,False,False
cam3_9999190314095404600.tif,0.6741225719451904,(),False,False,False
cam3_9999190314095528644.tif,0.6826326847076416,(),False,False,False
cam3_9999190314095603661.tif,0.6826636791229248,(),False,False,False
cam3_9999190314095634678.tif,0.6674211025238037,(),False,False,False
cam3_9999190314095650686.tif,0.6734278202056885,(),False,False,False
cam3_9999190314101055048.tif,0.675980806350708,(),False,False,False
cam3_9999190314101450129.tif,0.6692938804626465,(),False,False,False
cam3_9999190314101640177.tif,0.686476469039917,(),True,False,False
cam3_9999190314101716193.tif,0.6876935958862305,(),False,False,False
cam3_9999190314101913245.tif,0.6856565475463867,(),False,False,False
cam3_9999190314103709661.tif,0.6849021911621094,(),False,False,False
cam3_9999190314104208806.tif,0.6954751014709473,(),False,False,False
cam3_9999190314104311834.tif,0.6913859844207764,(),False,False,False
cam3_9999190314110318352.tif,0.6960239410400391,(),True,False,False
cam3_9999190314111207512.tif,0.6857094764709473,(),False,False,False
cam3_9999190314111732598.tif,0.6978318691253662,(),False,False,False
cam3_9999190314112135630.tif,0.6871297359466553,(),False,False,False
cam3_9999190314112911682.tif,0.6793360710144043,(),False,False,False
cam3_9999190314113213775.tif,0.6774370670318604,(),False,False,False
cam3_9999190314122519848.tif,0.6793665885925293,(),False,False,False
cam3_9999190314122800917.tif,0.6934075355529785,(),False,False,False
cam3_9999190320053841054.tif,0.6797471046447754,(),False,False,False
cam3_9999190320054004094.tif,0.6712677478790283,(),False,False,False
cam3_9999190320060154142.tif,0.6821939945220947,(),False,False,False
cam3_9999190320060342191.tif,0.6754813194274902,(),False,False,False
cam3_9999190320061105371.tif,0.6846363544464111,(),False,False,False
cam3_9999190320061159395.tif,0.6804924011230469,(),False,False,False
cam3_9999190320061629512.tif,0.6992616653442383,(),False,False,False
cam3_9999190320062144653.tif,0.6847617626190186,(),False,False,False
cam3_9999190320062238677.tif,0.6866750717163086,(),False,False,False
cam3_9999190320063513975.tif,0.6934123039245605,(),False,False,False
cam3_9999190320070853657.tif,0.6819334030151367,(),False,False,False
cam3_9999190320071958907.tif,0.6817905902862549,(),False,False,False
cam3_9999190320072135952.tif,0.6645748615264893,(),True,False,False
cam3_9999190320073426206.tif,0.673304557800293,(),False,False,False
cam3_9999190320090411843.tif,0.6511526107788086,(),False,False,False
cam3_9999190320094804677.tif,0.6685574054718018,(),False,False,False
cam3_9999190320095252794.tif,0.698981523513794,(),False,False,False
cam3_9999190320100718970.tif,0.6793906688690186,(),False,False,False
cam3_9999190320101052986.tif,0.6869759559631348,(),False,False,False
cam3_9999190320101920027.tif,0.6838784217834473,(),False,False,False
cam3_9999190320105015350.tif,0.6852741241455078,(),False,False,False
cam3_9999190320105302400.tif,0.6889965534210205,(),False,False,False
cam3_9999190320111123709.tif,0.6871585845947266,(),False,False,False
cam3_9999190320112116803.tif,0.6665065288543701,(),True,False,False
cam3_9999190320113902282.tif,0.6855874061584473,(),False,False,False
cam3_9999190320114943535.tif,0.6808619499206543,(),False,False,False
cam3_9999190320122110146.tif,0.6791386604309082,(),False,False,False
cam3_9999190320123103396.tif,0.690863847732544,(),False,False,False
cam3_9999190320123447416.tif,0.6948764324188232,(),False,False,False
cam3_9999190320123547428.tif,0.6989827156066895,(),False,False,False
cam3_9999190320124236589.tif,0.695934534072876,(),False,False,False
cam3_9999190320131502226.tif,0.6875998973846436,(),False,False,False
cam3_9999190320131951295.tif,0.6962740421295166,(),False,False,False
cam3_9999190320133102556.tif,0.6792705059051514,(),False,False,False
cam3_9999190320141151010.tif,0.6937057971954346,(),False,False,False
cam3_9999190320142432332.tif,0.6792950630187988,(),False,False,False
cam3_9999190320142942464.tif,0.6785681247711182,(),False,False,False
cam3_9999190320145253028.tif,0.6815857887268066,(),False,False,False
cam3_9999190320150814371.tif,0.6804733276367188,(),True,False,False
cam3_9999190320160222665.tif,0.6973419189453125,(),False,False,False
cam3_9999190320161614916.tif,0.6843845844268799,(),False,False,False
cam3_9999190320162900178.tif,0.6876254081726074,(),False,False,False
cam3_9999190320163358310.tif,0.6754021644592285,(),False,False,False
cam3_9999190320170511079.tif,0.6796448230743408,(),False,False,False
cam3_9999190320171048202.tif,0.6981298923492432,(),False,False,False
cam3_9999190320171256223.tif,0.700197696685791,(),False,False,False
cam3_9999190320172607436.tif,0.6773860454559326,(),False,False,False
cam3_9999190320172805488.tif,0.6864161491394043,(),False,False,False
cam3_9999190328141846075.tif,0.6790623664855957,(),False,False,False
cam4_0013190122064250102.tif,0.6861484050750732,(),True,False,False
cam4_0013190122064256104.tif,0.6775879859924316,(),True,False,False
cam4_0013190122065024101.tif,0.691770076751709,(),True,False,False
cam4_0013190122072056304.tif,0.694904088973999,(),True,False,False
cam4_0013190122084250303.tif,0.6915106773376465,(),False,False,False
cam4_0013190122091532304.tif,0.6871638298034668,(),True,False,False
cam4_0013190122093724301.tif,0.6865742206573486,(),False,False,False
cam4_0013190122094214103.tif,0.6878228187561035,(),True,False,False
cam4_0013190122094856104.tif,0.681382417678833,(),True,False,False
cam4_0013190122094922102.tif,0.6895315647125244,(),True,False,False
cam4_0013190122193054102.tif,0.6836442947387695,(),True,False,False
cam4_0013190122193940102.tif,0.6880393028259277,(),True,False,False
cam4_0013190122194454104.tif,0.6861512660980225,(),True,False,False
cam4_0013190122194728201.tif,0.6863110065460205,(),True,False,False
cam4_0013190122195844103.tif,0.6903815269470215,(),False,False,False
cam4_0013190122203058101.tif,0.703606128692627,(),True,False,False
cam4_0013190122203532303.tif,0.6797013282775879,(),True,False,False
cam4_0013190122203650201.tif,0.694502592086792,(),True,False,False
cam4_0013190122210646302.tif,0.6593434810638428,(),False,False,False
cam4_0013190123044322301.tif,0.6615011692047119,(),False,False,False
cam4_0013190123094040101.tif,0.6705770492553711,(),True,False,False
cam4_0013190123094508301.tif,0.6752550601959229,(),True,False,False
cam4_0013190123094532202.tif,0.6547532081604004,(),True,False,False
cam4_0013190123100138302.tif,0.6770174503326416,(),True,False,False
cam4_0013190123101306102.tif,0.6582715511322021,(),True,True,False
cam4_0013190124210616101.tif,0.6649205684661865,(),True,False,False
cam4_0013190125000602304.tif,0.672827959060669,(),True,False,False
cam4_0013190202184720102.tif,0.6622920036315918,(),False,True,False
cam4_0013190202185948203.tif,0.6735033988952637,(),True,True,False
cam4_0013190202224206304.tif,0.6656703948974609,(),False,False,False
cam4_0013190203071756204.tif,0.6770036220550537,(),True,False,False
cam4_0013190203071858204.tif,0.6747846603393555,(),True,True,False
cam4_0013190203153802304.tif,0.6640186309814453,(),True,False,False
cam4_0013190203154126204.tif,0.699812650680542,(),True,True,False
cam4_0013190203205612203.tif,0.6771154403686523,(),False,True,False
cam4_0013190204084640301.tif,0.6790661811828613,(),True,True,False
cam4_0013190204084810301.tif,0.6774115562438965,(),True,True,False
cam4_0013190204094450103.tif,0.6653172969818115,(),True,True,False
cam4_0013190204094712303.tif,0.6683769226074219,(),True,True,False
cam4_0013190204115536202.tif,0.6835389137268066,(),True,True,False
cam4_0013190204115830103.tif,0.666898250579834,(),True,True,False
cam4_0013190204120500101.tif,0.6627163887023926,(),True,True,False
cam4_0013190204120844201.tif,0.6769745349884033,(),True,True,False
cam4_0013190204120924301.tif,0.6800851821899414,(),True,True,False
cam4_0013190204121046201.tif,0.6613566875457764,(),True,True,False
cam4_0013190204121216201.tif,0.6718804836273193,(),True,True,False
cam4_0013190204121432302.tif,0.6829135417938232,(),True,True,False
cam4_0013190204122018102.tif,0.6694989204406738,(),True,True,False
cam4_0013190204122928104.tif,0.6684505939483643,(),True,True,False
cam4_0013190204162400201.tif,0.681492805480957,(),True,True,False
cam4_0013190204181342304.tif,0.6561450958251953,(),True,True,False
cam4_0013190204185822303.tif,0.6825039386749268,(),True,False,False
cam4_0013190204203252104.tif,0.6694545745849609,(),True,False,False
cam4_0013190205043952102.tif,0.663954496383667,(),False,True,False
cam4_0013190205052544203.tif,0.6881442070007324,(),False,False,False
cam4_0013190205053200303.tif,0.6778774261474609,(),False,False,False
cam4_0013190205061512303.tif,0.6728761196136475,(),False,True,False
cam4_0013190207070450102.tif,0.6620993614196777,(),False,True,False
cam4_0013190207071620203.tif,0.6720542907714844,(),False,True,False
cam4_0013190207073018301.tif,0.6738893985748291,(),False,True,False
cam4_0013190207104130203.tif,0.657555103302002,(),True,True,False
cam4_0013190207124116103.tif,0.6694114208221436,(),False,True,False
cam4_0013190207130418101.tif,0.6796722412109375,(),False,True,False
cam4_0013190207133240201.tif,0.6786861419677734,(),False,False,False
cam4_0013190207140156201.tif,0.6859922409057617,(),False,True,False
cam4_0013190207154442304.tif,0.6776173114776611,(),False,True,False
cam4_0013190211004252304.tif,0.6824522018432617,(),True,False,False
cam4_0013190211011326201.tif,0.6851251125335693,(),True,True,False
cam4_0013190211021916103.tif,0.6860573291778564,(),True,False,False
cam4_0013190211185508301.tif,0.6861813068389893,(),True,False,False
cam4_0013190211191426204.tif,0.6790902614593506,(),True,False,False
cam4_0013190211192516303.tif,0.674431324005127,(),True,False,False
cam4_0013190211192536203.tif,0.675412654876709,(),True,False,False
cam4_0013190211192716302.tif,0.6829853057861328,(),True,False,False
cam4_0013190212134124301.tif,0.675262451171875,(),True,True,False
cam4_0013190213001654302.tif,0.6878352165222168,(),True,True,False
cam4_0013190213075054301.tif,0.6795933246612549,(),True,True,False
cam4_0013190213123218202.tif,0.6870286464691162,(),False,True,False
cam4_0013190213165224204.tif,0.6809022426605225,(),False,True,False
cam4_0013190213190352204.tif,0.6826279163360596,(),True,False,False
cam4_0013190213210040102.tif,0.6837451457977295,(),False,False,False
cam4_0013190213210136101.tif,0.6747686862945557,(),True,False,False
cam4_0013190213210716103.tif,0.6787357330322266,(),False,False,False
cam4_0013190213213202303.tif,0.6859946250915527,(),False,False,False
cam4_0013190213213750201.tif,0.684943437576294,(),True,False,False
cam4_0013190213214012101.tif,0.6770141124725342,(),False,False,False
cam4_0013190213214440303.tif,0.6998848915100098,(),False,False,False
cam4_0013190213222936301.tif,0.7008419036865234,(),True,False,False
cam4_0013190213225912304.tif,0.6916148662567139,(),True,False,False
cam4_0013190213225952104.tif,0.6836385726928711,(),True,True,False
cam4_0013190213230758104.tif,0.6748054027557373,(),True,False,False
cam4_0013190213230910204.tif,0.6743173599243164,(),True,False,False
cam4_0013190213231030104.tif,0.6829686164855957,(),True,True,False
cam4_0013190213231706201.tif,0.6920807361602783,(),True,True,False
cam4_0013190213231738201.tif,0.6806662082672119,(),True,True,False
cam4_0013190213232308103.tif,0.6904435157775879,(),True,False,False
cam4_0013190214034250103.tif,0.6755354404449463,(),False,True,False
cam4_0013190214061254104.tif,0.677391529083252,(),True,False,False
cam4_0013190214061418101.tif,0.6906678676605225,(),True,False,False
cam4_0013190214061448101.tif,0.6866915225982666,(),True,False,False
cam4_0013190214065144303.tif,0.6781749725341797,(),False,False,False
cam4_0013190214070646203.tif,0.6791353225708008,(),False,True,False
cam4_0013190214071058303.tif,0.683671236038208,(),False,True,False
cam4_0013190214071450203.tif,0.691784143447876,(),False,True,False
cam4_0013190214071642103.tif,0.7059435844421387,(),False,True,False
cam4_0013190214071752203.tif,0.6831040382385254,(),False,True,False
cam4_0013190214072218104.tif,0.665067195892334,(),False,True,False
cam4_0013190214072522104.tif,0.6907765865325928,(),False,True,False
cam4_0013190214072552104.tif,0.6788594722747803,(),False,True,False
cam4_0013190214073226104.tif,0.6875104904174805,(),False,True,False
cam4_0013190214073256104.tif,0.6931252479553223,(),False,True,False
cam4_0013190214074254101.tif,0.6868178844451904,(),False,True,False
cam4_0013190214074748301.tif,0.6983108520507812,(),False,True,False
cam4_0013190214075010201.tif,0.6738903522491455,(),False,True,False
cam4_0013190214075050301.tif,0.6781411170959473,(),False,False,False
cam4_0013190214075210201.tif,0.6755414009094238,(),False,True,False
cam4_0013190214075916201.tif,0.6895451545715332,(),False,True,False
cam4_0013190214080832301.tif,0.6832115650177002,(),False,True,False
cam4_0013190214080912101.tif,0.6729698181152344,(),False,True,False
cam4_0013190214081440302.tif,0.6825568675994873,(),False,True,False
cam4_0013190214082822303.tif,0.6855740547180176,(),False,False,False
cam4_0013190214083642201.tif,0.6956303119659424,(),False,False,False
cam4_0013190214083744201.tif,0.7115042209625244,(),False,True,False
cam4_0013190214084306101.tif,0.6890699863433838,(),False,True,False
cam4_0013190214084750201.tif,0.6809461116790771,(),False,True,False
cam4_0013190214084912101.tif,0.687445878982544,(),False,False,False
cam4_0013190214085952102.tif,0.6833465099334717,(),False,True,False
cam4_0013190214090908202.tif,0.6827483177185059,(),False,True,False
cam4_0013190214091122303.tif,0.6894586086273193,(),False,False,False
cam4_0013190214091452302.tif,0.6853792667388916,(),False,True,False
cam4_0013190214093356202.tif,0.6832895278930664,(),False,False,False
cam4_0013190214093902204.tif,0.6824362277984619,(),False,True,False
cam4_0013190214095338202.tif,0.6885602474212646,(),False,False,False
cam4_0013190214100942103.tif,0.67962646484375,(),False,False,False
cam4_0013190214102554104.tif,0.6875324249267578,(),False,True,False
cam4_0013190214102828201.tif,0.6815869808197021,(),False,True,False
cam4_0013190214103000201.tif,0.6925299167633057,(),False,True,False
cam4_0013190214104308104.tif,0.6839029788970947,(),False,True,False
cam4_0013190214104348204.tif,0.6826024055480957,(),False,True,False
cam4_0013190214105730301.tif,0.683138370513916,(),False,True,False
cam4_0013190214111514101.tif,0.6807389259338379,(),False,False,False
cam4_0013190214112348304.tif,0.6705083847045898,(),False,False,False
cam4_0013190214112552101.tif,0.7198662757873535,(),False,True,False
cam4_0013190214112924101.tif,0.7189228534698486,(),False,True,False
cam4_0013190214114904301.tif,0.6975243091583252,(),False,True,False
cam4_0013190214124422201.tif,0.6970324516296387,(),False,True,False
cam4_0013190214212808201.tif,0.6744029521942139,(),False,True,False
cam4_0013190215091230302.tif,0.6989538669586182,(),True,True,False
cam4_0013190215224604202.tif,0.6847169399261475,(),False,False,False
cam4_0013190216045422101.tif,0.6935229301452637,(),False,True,False
cam4_0013190216130930202.tif,0.7082300186157227,(),True,True,False
cam4_0013190217053632104.tif,0.6872239112854004,(),False,True,False
cam4_0013190217072108101.tif,0.6877620220184326,(),True,False,False
cam4_0013190217080034301.tif,0.672795295715332,(),True,True,False
cam4_0013190217080310302.tif,0.6893463134765625,(),True,True,False
cam4_0013190217081002104.tif,0.6882407665252686,(),True,False,False
cam4_0013190217161536301.tif,0.6983058452606201,(),True,False,False
cam4_0013190217161606301.tif,0.6746325492858887,(),True,False,False
cam4_0013190217165002203.tif,0.6733682155609131,(),True,True,False
cam4_0013190217234626101.tif,0.6775071620941162,(),False,True,False
cam4_0013190219151400203.tif,0.6751003265380859,(),False,False,False
cam4_0013190219153448202.tif,0.6931548118591309,(),False,False,False
cam4_0013190219153458302.tif,0.6860661506652832,(),False,False,False
cam4_0013190219153528302.tif,0.6825830936431885,(),False,False,False
cam4_0013190219153538102.tif,0.6826462745666504,(),False,True,False
cam4_0013190219153734303.tif,0.6806268692016602,(),False,False,False
cam4_0013190219153804303.tif,0.6977972984313965,(),False,False,False
cam4_0013190220022836303.tif,0.6855177879333496,(),False,True,False
cam4_0013190220050330201.tif,0.6814939975738525,(),False,False,False
cam4_0013190220122118201.tif,0.6930758953094482,(),False,True,False
cam4_0013190220153556304.tif,0.6867241859436035,(),True,False,False
cam4_0013190220154000304.tif,0.6790273189544678,(),True,False,False
cam4_0013190220154234304.tif,0.6847951412200928,(),True,False,False
cam4_0013190220155954304.tif,0.6816811561584473,(),True,False,False
cam4_0013190220160358304.tif,0.6739811897277832,(),True,False,False
cam4_0013190220161448104.tif,0.6871566772460938,(),True,False,False
cam4_0013190223133336204.tif,0.6807315349578857,(),False,True,False
cam4_0013190225150824204.tif,0.6903908252716064,(),True,True,False
cam4_0013190226030110104.tif,0.6812622547149658,(),False,True,False
cam4_0013190226075252104.tif,0.6857583522796631,(),False,False,False
cam4_0013190226081150301.tif,0.6791212558746338,(),False,False,False
cam4_0013190226082602302.tif,0.6868898868560791,(),False,False,False
cam4_0013190227065322102.tif,0.6740620136260986,(),False,False,False
cam4_0013190227194050304.tif,0.6879713535308838,(),False,False,False
cam4_0013190302170544304.tif,0.6829166412353516,(),True,True,False
cam4_0013190303071026102.tif,0.6918120384216309,(),False,False,False
cam4_0013190303104536104.tif,0.6772172451019287,(),False,False,False
cam4_0013190303144920104.tif,0.6928801536560059,(),True,False,False
cam4_0013190303145024104.tif,0.6761984825134277,(),True,True,False
cam4_0013190303145034204.tif,0.704071044921875,(),True,False,False
cam4_0013190303145046304.tif,0.6616930961608887,(),True,False,False
cam4_0013190303145056104.tif,0.668799638748169,(),True,False,False
cam4_0013190303145106204.tif,0.6598992347717285,(),True,True,False
cam4_0013190303145200104.tif,0.666785478591919,(),True,True,False
cam4_0013190303145442201.tif,0.6641566753387451,(),True,True,False
cam4_0013190303161036303.tif,0.6749258041381836,(),True,False,False
cam4_0013190303164214104.tif,0.6707665920257568,(),True,True,False
cam4_0013190303170206104.tif,0.675048828125,(),True,True,False
cam4_0013190303170322204.tif,0.6750228404998779,(),True,False,False
cam4_0013190304030714302.tif,0.6708691120147705,(),False,False,False
cam4_0013190304071252104.tif,0.6587686538696289,(),False,False,False
cam4_0013190304084328304.tif,0.6810276508331299,(),False,False,False
cam4_0013190304131230304.tif,0.6798346042633057,(),False,False,False
cam4_0013190304153826304.tif,0.6897060871124268,(),True,False,False
cam4_0013190304165744104.tif,0.686295747756958,(),True,False,False
cam4_0013190304222616201.tif,0.6710090637207031,(),False,True,False
cam4_0013190305060002204.tif,0.6737892627716064,(),False,False,False
cam4_0013190305180948304.tif,0.6717064380645752,(),False,True,False
cam4_0013190306101208304.tif,0.6650972366333008,(),False,False,False
cam4_0013190307035310304.tif,0.6695845127105713,(),False,True,False
cam4_0013190307080106302.tif,0.6629612445831299,(),True,True,False
cam4_0013190307081624202.tif,0.6654713153839111,(),True,False,True
cam4_0013190308041708303.tif,0.6631700992584229,(),False,False,False
cam4_0013190308124858104.tif,0.6764302253723145,(),True,False,False
cam4_0013190309025848202.tif,0.6846442222595215,(),False,False,False
cam4_0013190309034638203.tif,0.6652405261993408,(),True,False,False
cam4_0013190312064202203.tif,0.6704504489898682,(),False,True,True
cam4_0013190312122104103.tif,0.6722028255462646,(),False,True,False
cam4_0013190312174024203.tif,0.6779632568359375,(),True,False,False
cam4_0013190313230518301.tif,0.6775457859039307,(),True,True,False
cam4_0013190314232426303.tif,0.6870684623718262,(),True,False,False
cam4_0013190317161204302.tif,0.6760098934173584,(),True,False,False
cam4_0013190317220604204.tif,0.6912074089050293,(),False,False,False
cam4_0013190318094756103.tif,0.6626131534576416,(),True,False,False
cam4_0013190319065516101.tif,0.6876358985900879,(),True,False,False
cam4_0013190319065610301.tif,0.6773874759674072,(),True,False,False
cam4_0013190319183658301.tif,0.6513135433197021,(),True,True,False
cam4_0013190321154016102.tif,0.6735844612121582,(),True,False,False
cam4_0013190321161700102.tif,0.6839065551757812,(),True,False,False
cam4_0013190321164406202.tif,0.6740128993988037,(),True,False,False
cam4_0013190321165338204.tif,0.6732163429260254,(),True,False,False
cam4_0013190322150920101.tif,0.680051326751709,(),True,True,False
cam4_0013190322151232101.tif,0.6831753253936768,(),True,False,False
cam4_0013190322160708301.tif,0.694403886795044,(),True,False,False
cam4_0013190322161018301.tif,0.701693058013916,(),True,False,False
cam4_0013190322163808203.tif,0.6918632984161377,(),True,False,False
cam4_0013190323145900302.tif,0.6914632320404053,(),True,False,True
cam4_0013190324180442204.tif,0.6789469718933105,(),True,True,False
cam4_0013190324183044301.tif,0.677548885345459,(),True,True,False
cam4_0013190324190138303.tif,0.680314302444458,(),False,False,False
cam4_0013190324210634303.tif,0.6908087730407715,(),False,False,True
cam4_0013190324225850103.tif,0.696591854095459,(),True,False,False
cam4_0013190324232622303.tif,0.6871469020843506,(),True,False,False
cam4_0013190326230524101.tif,0.6858818531036377,(),True,False,False
cam4_0013190326231136302.tif,0.6862657070159912,(),True,False,False
cam4_0013190326231148103.tif,0.6805975437164307,(),True,False,False
cam4_0013190326231158203.tif,0.6783945560455322,(),True,False,False
cam4_0013190326231634201.tif,0.6834690570831299,(),True,False,False
cam4_0013190327004850203.tif,0.6859738826751709,(),True,False,False
cam4_0013190329045146201.tif,0.6866734027862549,(),False,True,False
cam4_0013190329121220304.tif,0.6843345165252686,(),False,False,False
cam4_0013190329135924204.tif,0.6885321140289307,(),False,False,False
cam4_0013190329145452301.tif,0.6916975975036621,(),True,False,False
cam4_0013190329150330201.tif,0.6810357570648193,(),True,False,True
cam4_0013190329150350101.tif,0.6861171722412109,(),True,False,False
cam4_0013190329150412301.tif,0.6961438655853271,(),False,False,False
cam4_0013190329164904104.tif,0.6868312358856201,(),True,True,False
cam4_0013190330043132102.tif,0.6980350017547607,(),False,False,False
cam4_0013190330060340101.tif,0.6848757266998291,(),False,False,False
cam4_0013190330071428303.tif,0.6928508281707764,(),False,False,False
cam4_0013190330073244101.tif,0.6806912422180176,(),False,False,False
cam4_0013190330074602202.tif,0.6801025867462158,(),False,False,False
cam4_0013190330075124302.tif,0.6855473518371582,(),False,False,False
cam4_0013190330084104101.tif,0.6855175495147705,(),True,False,False
cam4_0013190330091442101.tif,0.6810436248779297,(),True,False,False
cam4_0013190330094838102.tif,0.6900010108947754,(),False,False,False
cam4_0013190330102534202.tif,0.6850588321685791,(),False,False,False
cam4_0013190330105942303.tif,0.6780786514282227,(),False,False,False
cam4_0013190330110106203.tif,0.6849803924560547,(),False,False,False
cam4_0013190330114138301.tif,0.6835525035858154,(),False,True,False
cam4_0013190330114652301.tif,0.6942627429962158,(),False,False,False
cam4_0013190330190038204.tif,0.681065559387207,(),True,True,False
cam4_0013190331012504103.tif,0.6703269481658936,(),True,False,False
cam4_0013190331064242302.tif,0.6737933158874512,(),True,False,False
cam4_0013190331175700103.tif,0.6918678283691406,(),True,False,False
cam4_0013190331215622104.tif,0.6743011474609375,(),True,True,False
cam4_0013190401052454204.tif,0.6701536178588867,(),False,False,True
cam4_0013190401082316103.tif,0.6870183944702148,(),True,False,False
cam4_0013190401121726104.tif,0.6760530471801758,(),True,False,False
cam4_0013190401162738104.tif,0.6670322418212891,(),False,False,False
cam4_0013190402080946304.tif,0.6719131469726562,(),True,False,False
cam4_0013190402101216303.tif,0.6748373508453369,(),True,False,False
cam4_0013190403063144102.tif,0.6897954940795898,(),True,False,False
cam4_0013190403063206302.tif,0.6801280975341797,(),True,False,False
cam4_0013190403063312303.tif,0.6731314659118652,(),True,False,False
cam4_0013190403064816303.tif,0.6713747978210449,(),True,True,False
cam4_0013190403070026302.tif,0.6735081672668457,(),True,True,False
cam4_0013190403070142103.tif,0.6773262023925781,(),True,False,False
cam4_0016190202092838304.tif,0.684514045715332,(),False,False,True
cam4_0016190203090730201.tif,0.6807928085327148,(),True,False,True
cam4_0016190206024732304.tif,0.6722044944763184,(),False,False,True
cam4_0016190215212656304.tif,0.678063154220581,(),False,False,False
cam4_0016190218114941204.tif,0.6984682083129883,(),False,False,False
cam4_0016190220030705302.tif,0.6691117286682129,(),True,False,True
cam4_0016190226002327202.tif,0.6759288311004639,(),True,False,False
cam4_0016190228113424104.tif,0.6762447357177734,(),False,False,True
cam4_0016190305161818304.tif,0.6903955936431885,(),False,False,True
cam4_0016190307123942103.tif,0.6697521209716797,(),True,False,False
cam4_0016190307124504303.tif,0.6746861934661865,(),False,False,False
cam4_0016190307130207304.tif,0.6753053665161133,(),False,False,False
cam4_0016190307131917102.tif,0.6835589408874512,(),False,False,False
cam4_0016190307132517102.tif,0.6814918518066406,(),False,False,False
cam4_0016190307133042302.tif,0.6808838844299316,(),False,False,False
cam4_0016190307133602103.tif,0.680272102355957,(),False,False,False
cam4_0016190307133619303.tif,0.6855394840240479,(),False,False,False
cam4_0016190307135903304.tif,0.6883125305175781,(),False,False,False
cam4_0016190307140130104.tif,0.6911287307739258,(),False,False,False
cam4_0016190307142123104.tif,0.6823713779449463,(),True,False,False
cam4_0016190307150126302.tif,0.6814577579498291,(),False,False,False
cam4_0016190307151226204.tif,0.6852972507476807,(),False,False,False
cam4_0016190307151510201.tif,0.6799221038818359,(),False,False,False
cam4_0016190307153747104.tif,0.6852986812591553,(),True,False,False
cam4_0016190307154534302.tif,0.6910080909729004,(),False,False,False
cam4_0016190307170137204.tif,0.6767120361328125,(),False,False,False
cam4_0016190307171633301.tif,0.6785295009613037,(),False,False,False
cam4_0016190307171718202.tif,0.6834900379180908,(),True,False,False
cam4_0016190307172623103.tif,0.6787903308868408,(),False,False,False
cam4_0016190307181004203.tif,0.6851058006286621,(),False,False,False
cam4_0016190307183142102.tif,0.6783173084259033,(),False,False,False
cam4_0016190307183702204.tif,0.6934115886688232,(),False,False,False
cam4_0016190307191711201.tif,0.6794593334197998,(),False,False,False
cam4_0016190307195219103.tif,0.6880481243133545,(),False,False,False
cam4_0016190307195315103.tif,0.7030577659606934,(),False,False,False
cam4_0016190307201049202.tif,0.6811413764953613,(),False,False,False
cam4_0016190307202353302.tif,0.679297685623169,(),False,False,False
cam4_0016190307205358302.tif,0.6834239959716797,(),False,False,False
cam4_0016190307211007302.tif,0.6723775863647461,(),False,False,False
cam4_0016190307213401204.tif,0.7066097259521484,(),False,False,False
cam4_0016190307213730101.tif,0.6869347095489502,(),False,False,False
cam4_0016190307221450103.tif,0.6788115501403809,(),False,False,False
cam4_0016190307223616301.tif,0.6871716976165771,(),False,False,False
cam4_0016190307225455301.tif,0.6910800933837891,(),True,False,False
cam4_0016190307230246101.tif,0.6765620708465576,(),True,False,False
cam4_0016190307230529301.tif,0.684119462966919,(),True,False,False
cam4_0016190307232051303.tif,0.686784029006958,(),True,False,False
cam4_0016190307232137203.tif,0.6934823989868164,(),True,False,False
cam4_0016190307235205301.tif,0.6757333278656006,(),True,False,False
cam4_0016190308000354202.tif,0.688650369644165,(),True,False,False
cam4_0016190308000715203.tif,0.6821274757385254,(),False,False,False
cam4_0016190315140240101.tif,0.6940553188323975,(),True,False,False
cam4_0016190315141245303.tif,0.6800835132598877,(),True,False,False
cam4_0016190316045041301.tif,0.6886153221130371,(),True,False,False
cam4_0016190316045622101.tif,0.6876676082611084,(),True,False,False
cam4_0016190316045947201.tif,0.6777176856994629,(),True,False,False
cam4_0016190318092656304.tif,0.6786720752716064,(),True,False,False
cam4_0016190321051142203.tif,0.7002677917480469,(),False,False,False
cam4_0016190324002143302.tif,0.6843938827514648,(),True,False,False
cam4_0016190329090033202.tif,0.6775858402252197,(),True,False,False
cam4_0016190329141511303.tif,0.6884253025054932,(),True,False,False
cam4_0016190329142946303.tif,0.7438974380493164,(),True,False,True
cam4_0016190330091229303.tif,0.70375657081604,(),True,False,False
cam4_0016190331064416104.tif,0.6969811916351318,(),True,False,False
cam4_0016190402073255302.tif,0.6911695003509521,(),True,False,False
cam4_9999190215085642364.tif,0.6861720085144043,(),True,False,False
cam4_9999190306014323875.tif,0.691575288772583,(),False,False,False
cam4_9999190306014409896.tif,0.6837670803070068,(),False,False,False
cam4_9999190306014920033.tif,0.692234992980957,(),True,False,False
cam4_9999190306014931037.tif,0.6885216236114502,(),False,False,False
cam4_9999190306015039065.tif,0.6824533939361572,(),False,False,False
cam4_9999190306015538182.tif,0.6988060474395752,(),True,False,False
cam4_9999190306020202331.tif,0.6861221790313721,(),False,False,False
cam4_9999190306020622430.tif,0.6844356060028076,(),False,False,False
cam4_9999190306021630530.tif,0.6885676383972168,(),False,False,False
cam4_9999190306021702546.tif,0.6965210437774658,(),False,False,False
cam4_9999190306022459767.tif,0.6660246849060059,(),False,False,False
cam4_9999190306023547022.tif,0.6585390567779541,(),False,False,False
cam4_9999190306023802074.tif,0.65120530128479,(),False,False,False
cam4_9999190306024320199.tif,0.6528277397155762,(),False,False,False
cam4_9999190306024329203.tif,0.6583738327026367,(),True,False,False
cam4_9999190306025445394.tif,0.6699800491333008,(),False,False,False
cam4_9999190306025550427.tif,0.6600348949432373,(),False,False,False
cam4_9999190306025905467.tif,0.6644535064697266,(),False,True,False
cam4_9999190306025932479.tif,0.6482019424438477,(),False,False,False
cam4_9999190306030720561.tif,0.6623759269714355,(),True,False,False
cam4_9999190306031549711.tif,0.6562333106994629,(),False,False,False
cam4_9999190306031718755.tif,0.6513047218322754,(),False,False,False
cam4_9999190306031927791.tif,0.6613938808441162,(),False,False,False
cam4_9999190306032103827.tif,0.6920053958892822,(),False,False,False
cam4_9999190306032149848.tif,0.7048666477203369,(),True,False,False
cam4_9999190306032317868.tif,0.7284555435180664,(),True,False,False
cam4_9999190306033340136.tif,0.7143959999084473,(),False,False,False
cam4_9999190306033917188.tif,0.6916768550872803,(),False,False,False
cam4_9999190306033933196.tif,0.689462423324585,(),False,False,False
cam4_9999190306034700372.tif,0.7026796340942383,(),True,False,False
cam4_9999190306034942456.tif,0.7013139724731445,(),False,False,False
cam4_9999190306035113497.tif,0.6716315746307373,(),True,False,False
cam4_9999190306040301782.tif,0.6777710914611816,(),False,False,False
cam4_9999190306042116216.tif,0.6945462226867676,(),False,False,False
cam4_9999190306042258256.tif,0.6808614730834961,(),False,False,False
cam4_9999190306042336272.tif,0.6968424320220947,(),False,False,False
cam4_9999190306042919408.tif,0.6802463531494141,(),False,False,False
cam4_9999190306043231488.tif,0.6729006767272949,(),False,False,False
cam4_9999190306043335512.tif,0.6757946014404297,(),False,False,False
cam4_9999190306045124708.tif,0.6710999011993408,(),False,False,False
cam4_9999190306045456765.tif,0.7010207176208496,(),False,False,False
cam4_9999190306045520777.tif,0.6732926368713379,(),False,False,False
cam4_9999190306045727842.tif,0.6745274066925049,(),True,False,False
cam4_9999190306050433028.tif,0.6807599067687988,(),False,False,False
cam4_9999190306051038177.tif,0.6681795120239258,(),False,False,False
cam4_9999190306051201209.tif,0.6725203990936279,(),False,False,False
cam4_9999190306051258233.tif,0.6577639579772949,(),False,False,False
cam4_9999190306051528294.tif,0.6898376941680908,(),False,False,False
cam4_9999190306051701330.tif,0.707542896270752,(),False,False,False
cam4_9999190306051758354.tif,0.7007358074188232,(),False,False,False
cam4_9999190306052605478.tif,0.6841034889221191,(),False,False,False
cam4_9999190306052759534.tif,0.6869602203369141,(),False,False,False
cam4_9999190306053412651.tif,0.6790413856506348,(),False,False,False
cam4_9999190306054246883.tif,0.6966867446899414,(),False,False,False
cam4_9999190306054800935.tif,0.6969647407531738,(),False,False,False
cam4_9999190306054921971.tif,0.6938507556915283,(),False,False,False
cam4_9999190306060139291.tif,0.6910171508789062,(),False,False,False
cam4_9999190306060359347.tif,0.6749064922332764,(),False,False,False
cam4_9999190306060629404.tif,0.7187900543212891,(),False,False,False
cam4_9999190306060803445.tif,0.7178845405578613,(),False,False,False
cam4_9999190306061514617.tif,0.6844601631164551,(),False,False,False
cam4_9999190306061724670.tif,0.6931219100952148,(),False,False,False
cam4_9999190306061935723.tif,0.6782734394073486,(),False,False,False
cam4_9999190306062205783.tif,0.6851098537445068,(),False,False,False
cam4_9999190306062516857.tif,0.6945950984954834,(),False,False,False
cam4_9999190306062525861.tif,0.6998429298400879,(),False,False,False
cam4_9999190306063151006.tif,0.6852316856384277,(),False,False,False
cam4_9999190306063746163.tif,0.6994524002075195,(),False,False,False
cam4_9999190306063853191.tif,0.7549135684967041,(),False,False,False
cam4_9999190306064227272.tif,0.6782257556915283,(),False,False,False
cam4_9999190306064648376.tif,0.7183058261871338,(),False,False,False
cam4_9999190306065238514.tif,0.679145097732544,(),False,False,False
cam4_9999190306070926586.tif,0.7361016273498535,(),True,False,False
cam4_9999190306071719695.tif,0.6959631443023682,(),True,False,False
cam4_9999190306072049771.tif,0.6951918601989746,(),True,False,False
cam4_9999190306072100775.tif,0.6965751647949219,(),False,False,False
cam4_9999190306074125200.tif,0.7743315696716309,(),False,False,False
cam4_9999190306074220228.tif,0.7653510570526123,(),False,False,False
cam4_9999190306074907268.tif,0.7129390239715576,(),False,False,False
cam4_9999190306075305388.tif,0.6558818817138672,(),False,False,False
cam4_9999190306075412420.tif,0.7237441539764404,(),False,False,False
cam4_9999190306080540681.tif,0.7078795433044434,(),False,False,False
cam4_9999190306081204819.tif,0.6869361400604248,(),False,False,False
cam4_9999190306083211257.tif,0.6711447238922119,(),False,False,False
cam4_9999190306092321236.tif,0.6598951816558838,(),False,False,False
cam4_9999190306111119530.tif,0.6646814346313477,(),False,False,False
cam4_9999190314075811861.tif,0.6649453639984131,(),True,False,False
cam4_9999190314081140049.tif,0.6654922962188721,(),True,False,False
cam4_9999190314081305085.tif,0.6536273956298828,(),True,False,False
cam4_9999190314081803183.tif,0.6724989414215088,(),True,False,False
cam4_9999190314081853207.tif,0.6587827205657959,(),True,False,False
cam4_9999190314082242323.tif,0.6540200710296631,(),True,False,False
cam4_9999190314082258331.tif,0.6556880474090576,(),True,False,False
cam4_9999190314082306335.tif,0.6621971130371094,(),True,False,False
cam4_9999190320112053788.tif,0.6925253868103027,(),True,False,False
cam4_9999190320143116505.tif,0.6923301219940186,(),True,False,False
cam4_9999190320143144519.tif,0.689011812210083,(),True,False,False
